,embedder,dataset,val_AUROC,n_samples,balanced,val_R2,val_Spearman,task_type,category,short_name
0,ChemBertMTR-77M,AMES,0.8761239647865295,7278.0,0.0460291288815608,,,cls,Tox,AMES
1,ChemBertMTR-77M,BBB Martins,0.9207552701234818,2030.0,0.264039408866995,,,cls,Distribution,BBB
2,ChemBertMTR-77M,Bioavailability Ma,0.6211044609546661,640.0,0.26875,,,cls,Absorption,Bioavailability
3,ChemBertMTR-77M,CYP2C9 Substrate CarbonMangels,0.6770356982946396,669.0,0.289237668161435,,,cls,Metabolism,CYP2C9 (s)
4,ChemBertMTR-77M,CYP2C9 Veith,0.8916809409856796,12092.0,0.1654813099569963,,,cls,Metabolism,CYP2C9
5,ChemBertMTR-77M,Caco2 Wang,,910.0,0.777236234121794,0.6986537367105484,0.8153538048267365,reg,Absorption,Caco2
6,ChemBertMTR-77M,Carcinogens Lagunin,0.8623965173959732,280.0,0.2857142857142857,,,cls,Tox,Carcinogens
7,ChemBertMTR-77M,ClinTox,0.6762889206409455,1478.0,0.4242219215155616,,,cls,Tox,ClinTox
8,ChemBertMTR-77M,DILI,0.9023550748825073,475.0,0.003157894736842,,,cls,Tox,DILI
9,ChemBertMTR-77M,HIA Hou,0.9077498376369476,578.0,0.3650519031141869,,,cls,Absorption,HIA
10,ChemBertMTR-77M,HydrationFreeEnergy FreeSolv,,642.0,3.847820117108812,0.809691745042801,0.9468627512454987,reg,Absorption,FreeSolv
11,ChemBertMTR-77M,LD50 Zhu,,7385.0,0.9586673133506076,0.5158252656459809,0.687980443239212,reg,Tox,LD50
12,ChemBertMTR-77M,Lipophilicity (az),,4200.0,1.203003713387104,0.6690450936555863,0.827386599779129,reg,Absorption,Lipophilicity
13,ChemBertMTR-77M,PAMPA NCATS,0.7392162680625916,2034.0,0.3549655850540806,,,cls,Absorption,PAMPA
14,ChemBertMTR-77M,PPBR AZ,,1614.0,16.738219911447835,0.28289929032325745,0.6213455468416214,reg,Distribution,PPBR
15,ChemBertMTR-77M,Pgp Broccatelli,0.9437476605176925,1218.0,0.0336617405582923,,,cls,Absorption,Pgp
16,ChemBertMTR-77M,Skin  Reaction,0.7827592134475708,404.0,0.1782178217821782,,,cls,Tox,Skin Reaction
17,ChemBertMTR-77M,Solubility AqSolDB,,9982.0,2.368154448407012,0.8278861612081527,0.9077817320823669,reg,Absorption,Solubility
18,ChemBertMTR-77M,VDss Lombardo,,1130.0,22.35257743108947,0.2969617813825607,0.5999792993068696,reg,Distribution,VDss
19,ChemBertMTR-77M,hERG,0.8571388810873032,655.0,0.1885496183206106,,,cls,Tox,hERG
20,ChemBertMTR-77M,hERG (k),0.8830157935619354,13445.0,0.0003346969133506,,,cls,Tox,hERG (k)
21,GraphMVP,AMES,0.8474557340145111,7278.0,0.0460291288815608,,,cls,Tox,AMES
22,GraphMVP,BBB Martins,0.8807796508073806,2030.0,0.264039408866995,,,cls,Distribution,BBB
23,GraphMVP,Bioavailability Ma,0.6102193057537079,640.0,0.26875,,,cls,Absorption,Bioavailability
24,GraphMVP,CYP2C9 Substrate CarbonMangels,0.6171351373195648,669.0,0.289237668161435,,,cls,Metabolism,CYP2C9 (s)
25,GraphMVP,CYP2C9 Veith,0.8561679601669312,12092.0,0.1654813099569963,,,cls,Metabolism,CYP2C9
26,GraphMVP,Caco2 Wang,,910.0,0.777236234121794,0.5090788096189499,0.6890977948904038,reg,Absorption,Caco2
27,GraphMVP,Carcinogens Lagunin,0.8206100165843964,280.0,0.2857142857142857,,,cls,Tox,Carcinogens
28,GraphMVP,ClinTox,0.5987671703100205,1478.0,0.4242219215155616,,,cls,Tox,ClinTox
29,GraphMVP,DILI,0.8939516037702561,475.0,0.003157894736842,,,cls,Tox,DILI
30,GraphMVP,HIA Hou,0.8854416161775589,578.0,0.3650519031141869,,,cls,Absorption,HIA
31,GraphMVP,HydrationFreeEnergy FreeSolv,,642.0,3.847820117108812,0.7157985955476761,0.9238460779190063,reg,Absorption,FreeSolv
32,GraphMVP,LD50 Zhu,,7385.0,0.9586673133506076,0.48814033567905424,0.6811880171298981,reg,Tox,LD50
33,GraphMVP,Lipophilicity (az),,4200.0,1.203003713387104,0.4921527117490768,0.736805009841919,reg,Absorption,Lipophilicity
34,GraphMVP,PAMPA NCATS,0.6756547391414642,2034.0,0.3549655850540806,,,cls,Absorption,PAMPA
35,GraphMVP,PPBR AZ,,1614.0,16.738219911447835,0.20101185441017147,0.5322883725166321,reg,Distribution,PPBR
36,GraphMVP,Pgp Broccatelli,0.878601685166359,1218.0,0.0336617405582923,,,cls,Absorption,Pgp
37,GraphMVP,Skin  Reaction,0.731374415755272,404.0,0.1782178217821782,,,cls,Tox,Skin Reaction
38,GraphMVP,Solubility AqSolDB,,9982.0,2.368154448407012,0.7350175648927688,0.852206802368164,reg,Absorption,Solubility
39,GraphMVP,VDss Lombardo,,1130.0,22.35257743108947,0.13632459044456477,0.5784954249858856,reg,Distribution,VDss
40,GraphMVP,hERG,0.7599497884511948,655.0,0.1885496183206106,,,cls,Tox,hERG
41,GraphMVP,hERG (k),0.8538890033960342,13445.0,0.0003346969133506,,,cls,Tox,hERG (k)
42,MolR tag,AMES,0.8631323933601379,7278.0,0.0460291288815608,,,cls,Tox,AMES
43,MolR tag,BBB Martins,0.8795169144868851,2030.0,0.264039408866995,,,cls,Distribution,BBB
44,MolR tag,Bioavailability Ma,0.6501096308231353,640.0,0.26875,,,cls,Absorption,Bioavailability
45,MolR tag,CYP2C9 Substrate CarbonMangels,0.6334834039211273,669.0,0.289237668161435,,,cls,Metabolism,CYP2C9 (s)
46,MolR tag,CYP2C9 Veith,0.8853606224060059,12092.0,0.1654813099569963,,,cls,Metabolism,CYP2C9
47,MolR tag,Caco2 Wang,,910.0,0.777236234121794,0.6011819094419479,0.7343741238117218,reg,Absorption,Caco2
48,MolR tag,Carcinogens Lagunin,0.7902396410703659,280.0,0.2857142857142857,,,cls,Tox,Carcinogens
49,MolR tag,ClinTox,0.7849587887525559,1478.0,0.4242219215155616,,,cls,Tox,ClinTox
50,MolR tag,DILI,0.8772498786449432,475.0,0.003157894736842,,,cls,Tox,DILI
51,MolR tag,HIA Hou,0.8728360444307327,578.0,0.3650519031141869,,,cls,Absorption,HIA
52,MolR tag,HydrationFreeEnergy FreeSolv,,642.0,3.847820117108812,0.6668717503547669,0.8805779606103897,reg,Absorption,FreeSolv
53,MolR tag,LD50 Zhu,,7385.0,0.9586673133506076,0.5223951727151871,0.697327297925949,reg,Tox,LD50
54,MolR tag,Lipophilicity (az),,4200.0,1.203003713387104,0.4920858651399612,0.7037362337112427,reg,Absorption,Lipophilicity
55,MolR tag,PAMPA NCATS,0.7018552124500275,2034.0,0.3549655850540806,,,cls,Absorption,PAMPA
56,MolR tag,PPBR AZ,,1614.0,16.738219911447835,0.2708580613136291,0.6076539576053619,reg,Distribution,PPBR
57,MolR tag,Pgp Broccatelli,0.9354956984519959,1218.0,0.0336617405582923,,,cls,Absorption,Pgp
58,MolR tag,Skin  Reaction,0.6935779839754105,404.0,0.1782178217821782,,,cls,Tox,Skin Reaction
59,MolR tag,Solubility AqSolDB,,9982.0,2.368154448407012,0.7843078315258026,0.8855348646640777,reg,Absorption,Solubility
60,MolR tag,VDss Lombardo,,1130.0,22.35257743108947,0.2852417200803756,0.5520134389400482,reg,Distribution,VDss
61,MolR tag,hERG,0.7852863222360611,655.0,0.1885496183206106,,,cls,Tox,hERG
62,MolR tag,hERG (k),0.8663507908582687,13445.0,0.0003346969133506,,,cls,Tox,hERG (k)
63,ThreeDInfomax,AMES,0.8610844999551773,7278.0,0.0460291288815608,,,cls,Tox,AMES
64,ThreeDInfomax,BBB Martins,0.9031594842672348,2030.0,0.264039408866995,,,cls,Distribution,BBB
65,ThreeDInfomax,Bioavailability Ma,0.6083951354026794,640.0,0.26875,,,cls,Absorption,Bioavailability
66,ThreeDInfomax,CYP2C9 Substrate CarbonMangels,0.6636353015899659,669.0,0.289237668161435,,,cls,Metabolism,CYP2C9 (s)
67,ThreeDInfomax,CYP2C9 Veith,0.8750619798898697,12092.0,0.1654813099569963,,,cls,Metabolism,CYP2C9
68,ThreeDInfomax,Caco2 Wang,,910.0,0.777236234121794,0.626314640045166,0.7614401280879974,reg,Absorption,Caco2
69,ThreeDInfomax,Carcinogens Lagunin,0.860675373673439,280.0,0.2857142857142857,,,cls,Tox,Carcinogens
70,ThreeDInfomax,ClinTox,0.7690132796764374,1478.0,0.4242219215155616,,,cls,Tox,ClinTox
71,ThreeDInfomax,DILI,0.8957632124423981,475.0,0.003157894736842,,,cls,Tox,DILI
72,ThreeDInfomax,HIA Hou,0.8674217164516449,578.0,0.3650519031141869,,,cls,Absorption,HIA
73,ThreeDInfomax,HydrationFreeEnergy FreeSolv,,642.0,3.847820117108812,0.7085922181606292,0.9142432659864426,reg,Absorption,FreeSolv
74,ThreeDInfomax,LD50 Zhu,,7385.0,0.9586673133506076,0.49400895535945893,0.6738587558269501,reg,Tox,LD50
75,ThreeDInfomax,Lipophilicity (az),,4200.0,1.203003713387104,0.5564252346754074,0.7472465693950653,reg,Absorption,Lipophilicity
76,ThreeDInfomax,PAMPA NCATS,0.7402935266494751,2034.0,0.3549655850540806,,,cls,Absorption,PAMPA
77,ThreeDInfomax,PPBR AZ,,1614.0,16.738219911447835,0.159942215681076,0.5184461325407028,reg,Distribution,PPBR
78,ThreeDInfomax,Pgp Broccatelli,0.9409427613019943,1218.0,0.0336617405582923,,,cls,Absorption,Pgp
79,ThreeDInfomax,Skin  Reaction,0.7629825145006179,404.0,0.1782178217821782,,,cls,Tox,Skin Reaction
80,ThreeDInfomax,Solubility AqSolDB,,9982.0,2.368154448407012,0.82246173620224,0.901689875125885,reg,Absorption,Solubility
81,ThreeDInfomax,VDss Lombardo,,1130.0,22.35257743108947,0.2736715853214263,0.5727887094020844,reg,Distribution,VDss
82,ThreeDInfomax,hERG,0.7875636488199234,655.0,0.1885496183206106,,,cls,Tox,hERG
83,ThreeDInfomax,hERG (k),0.8600678533315659,13445.0,0.0003346969133506,,,cls,Tox,hERG (k)
0,GraphMVP,hERG,0.7711167335510254,655.0,0.1885496183206106,,,cls,Tox,hERG
0,GraphMVP,hERG,0.7725814580917358,655.0,0.1885496183206106,,,cls,Tox,hERG
0,GraphMVP,hERG,0.7606542110443115,655.0,0.1885496183206106,,,cls,Tox,hERG
0,GraphMVP,hERG,0.7520052790641785,655.0,0.1885496183206106,,,cls,Tox,hERG
0,GraphMVP,hERG,0.7817186117172241,655.0,0.1885496183206106,,,cls,Tox,hERG
0,GraphMVP,hERG,0.7526330947875977,655.0,0.1885496183206106,,,cls,Tox,hERG
0,GraphMVP,hERG,0.7508893013000488,655.0,0.1885496183206106,,,cls,Tox,hERG
0,GraphMVP,hERG,0.7547603845596313,655.0,0.1885496183206106,,,cls,Tox,hERG
0,GraphMVP,hERG,0.7656064629554749,655.0,0.1885496183206106,,,cls,Tox,hERG
0,GraphMVP,hERG,0.7636535167694092,655.0,0.1885496183206106,,,cls,Tox,hERG
0,GraphMVP,hERG,0.7797656059265137,655.0,0.1885496183206106,,,cls,Tox,hERG
0,GraphMVP,hERG,0.7477506399154663,655.0,0.1885496183206106,,,cls,Tox,hERG
0,GraphMVP,hERG,0.7780916690826416,655.0,0.1885496183206106,,,cls,Tox,hERG
0,GraphMVP,hERG,0.7638278603553772,655.0,0.1885496183206106,,,cls,Tox,hERG
0,GraphMVP,hERG,0.7282207012176514,655.0,0.1885496183206106,,,cls,Tox,hERG
0,GraphMVP,hERG,0.7544465661048889,655.0,0.1885496183206106,,,cls,Tox,hERG
0,GraphMVP,hERG,0.7663040161132812,655.0,0.1885496183206106,,,cls,Tox,hERG
0,GraphMVP,hERG,0.7579339742660522,655.0,0.1885496183206106,,,cls,Tox,hERG
0,GraphMVP,hERG,0.7593290209770203,655.0,0.1885496183206106,,,cls,Tox,hERG
0,GraphMVP,hERG,0.7377066612243652,655.0,0.1885496183206106,,,cls,Tox,hERG
0,ChemBertMTR-77M,hERG,0.8618609309196472,655.0,0.1885496183206106,,,cls,Tox,hERG
0,ChemBertMTR-77M,hERG,0.8629769086837769,655.0,0.1885496183206106,,,cls,Tox,hERG
0,ChemBertMTR-77M,hERG,0.8543279767036438,655.0,0.1885496183206106,,,cls,Tox,hERG
0,ChemBertMTR-77M,hERG,0.842331051826477,655.0,0.1885496183206106,,,cls,Tox,hERG
0,ChemBertMTR-77M,hERG,0.8640929460525513,655.0,0.1885496183206106,,,cls,Tox,hERG
0,ChemBertMTR-77M,hERG,0.8625584244728088,655.0,0.1885496183206106,,,cls,Tox,hERG
0,ChemBertMTR-77M,hERG,0.8519564867019653,655.0,0.1885496183206106,,,cls,Tox,hERG
0,ChemBertMTR-77M,hERG,0.8601869344711304,655.0,0.1885496183206106,,,cls,Tox,hERG
0,ChemBertMTR-77M,hERG,0.8591407537460327,655.0,0.1885496183206106,,,cls,Tox,hERG
0,ChemBertMTR-77M,hERG,0.8668131232261658,655.0,0.1885496183206106,,,cls,Tox,hERG
0,ChemBertMTR-77M,hERG,0.859559178352356,655.0,0.1885496183206106,,,cls,Tox,hERG
0,ChemBertMTR-77M,hERG,0.8566297292709351,655.0,0.1885496183206106,,,cls,Tox,hERG
0,ChemBertMTR-77M,hERG,0.870091438293457,655.0,0.1885496183206106,,,cls,Tox,hERG
0,ChemBertMTR-77M,hERG,0.8449116945266724,655.0,0.1885496183206106,,,cls,Tox,hERG
0,ChemBertMTR-77M,hERG,0.8434470295906067,655.0,0.1885496183206106,,,cls,Tox,hERG
0,ChemBertMTR-77M,hERG,0.8648601770401001,655.0,0.1885496183206106,,,cls,Tox,hERG
0,ChemBertMTR-77M,hERG,0.8493757843971252,655.0,0.1885496183206106,,,cls,Tox,hERG
0,ChemBertMTR-77M,hERG,0.8518866896629333,655.0,0.1885496183206106,,,cls,Tox,hERG
0,ChemBertMTR-77M,hERG,0.8610239028930664,655.0,0.1885496183206106,,,cls,Tox,hERG
0,ChemBertMTR-77M,hERG,0.8547464609146118,655.0,0.1885496183206106,,,cls,Tox,hERG
0,ThreeDInfomax,hERG,0.7872636914253235,655.0,0.1885496183206106,,,cls,Tox,hERG
0,ThreeDInfomax,hERG,0.8030271530151367,655.0,0.1885496183206106,,,cls,Tox,hERG
0,ThreeDInfomax,hERG,0.79054194688797,655.0,0.1885496183206106,,,cls,Tox,hERG
0,ThreeDInfomax,hERG,0.771081805229187,655.0,0.1885496183206106,,,cls,Tox,hERG
0,ThreeDInfomax,hERG,0.7937504649162292,655.0,0.1885496183206106,,,cls,Tox,hERG
0,ThreeDInfomax,hERG,0.7861477732658386,655.0,0.1885496183206106,,,cls,Tox,hERG
0,ThreeDInfomax,hERG,0.7809862494468689,655.0,0.1885496183206106,,,cls,Tox,hERG
0,ThreeDInfomax,hERG,0.7964706420898438,655.0,0.1885496183206106,,,cls,Tox,hERG
0,ThreeDInfomax,hERG,0.8074213862419128,655.0,0.1885496183206106,,,cls,Tox,hERG
0,ThreeDInfomax,hERG,0.7765222787857056,655.0,0.1885496183206106,,,cls,Tox,hERG
0,ThreeDInfomax,hERG,0.7810560464859009,655.0,0.1885496183206106,,,cls,Tox,hERG
0,ThreeDInfomax,hERG,0.779382050037384,655.0,0.1885496183206106,,,cls,Tox,hERG
0,ThreeDInfomax,hERG,0.7930529117584229,655.0,0.1885496183206106,,,cls,Tox,hERG
0,ThreeDInfomax,hERG,0.8127223253250122,655.0,0.1885496183206106,,,cls,Tox,hERG
0,ThreeDInfomax,hERG,0.790960431098938,655.0,0.1885496183206106,,,cls,Tox,hERG
0,ThreeDInfomax,hERG,0.7791727781295776,655.0,0.1885496183206106,,,cls,Tox,hERG
0,ThreeDInfomax,hERG,0.7626421451568604,655.0,0.1885496183206106,,,cls,Tox,hERG
0,ThreeDInfomax,hERG,0.7856594324111938,655.0,0.1885496183206106,,,cls,Tox,hERG
0,ThreeDInfomax,hERG,0.7878217101097107,655.0,0.1885496183206106,,,cls,Tox,hERG
0,ThreeDInfomax,hERG,0.7855897545814514,655.0,0.1885496183206106,,,cls,Tox,hERG
0,MolR tag,hERG,0.7974472045898438,655.0,0.1885496183206106,,,cls,Tox,hERG
0,MolR tag,hERG,0.7803585529327393,655.0,0.1885496183206106,,,cls,Tox,hERG
0,MolR tag,hERG,0.8026086688041687,655.0,0.1885496183206106,,,cls,Tox,hERG
0,MolR tag,hERG,0.7686405777931213,655.0,0.1885496183206106,,,cls,Tox,hERG
0,MolR tag,hERG,0.7877520322799683,655.0,0.1885496183206106,,,cls,Tox,hERG
0,MolR tag,hERG,0.7764525413513184,655.0,0.1885496183206106,,,cls,Tox,hERG
0,MolR tag,hERG,0.8035153746604919,655.0,0.1885496183206106,,,cls,Tox,hERG
0,MolR tag,hERG,0.7751970291137695,655.0,0.1885496183206106,,,cls,Tox,hERG
0,MolR tag,hERG,0.7832880020141602,655.0,0.1885496183206106,,,cls,Tox,hERG
0,MolR tag,hERG,0.7990514039993286,655.0,0.1885496183206106,,,cls,Tox,hERG
0,MolR tag,hERG,0.7597823739051819,655.0,0.1885496183206106,,,cls,Tox,hERG
0,MolR tag,hERG,0.7755457758903503,655.0,0.1885496183206106,,,cls,Tox,hERG
0,MolR tag,hERG,0.8065146207809448,655.0,0.1885496183206106,,,cls,Tox,hERG
0,MolR tag,hERG,0.7851712703704834,655.0,0.1885496183206106,,,cls,Tox,hERG
0,MolR tag,hERG,0.7859384417533875,655.0,0.1885496183206106,,,cls,Tox,hERG
0,MolR tag,hERG,0.7938201427459717,655.0,0.1885496183206106,,,cls,Tox,hERG
0,MolR tag,hERG,0.7675246000289917,655.0,0.1885496183206106,,,cls,Tox,hERG
0,MolR tag,hERG,0.7904722094535828,655.0,0.1885496183206106,,,cls,Tox,hERG
0,MolR tag,hERG,0.7788937091827393,655.0,0.1885496183206106,,,cls,Tox,hERG
0,MolR tag,hERG,0.7877519130706787,655.0,0.1885496183206106,,,cls,Tox,hERG
0,GraphMVP,hERG (k),0.8526180982589722,13445.0,0.0003346969133506,,,cls,Tox,hERG (k)
0,GraphMVP,hERG (k),0.854712188243866,13445.0,0.0003346969133506,,,cls,Tox,hERG (k)
0,GraphMVP,hERG (k),0.8576564192771912,13445.0,0.0003346969133506,,,cls,Tox,hERG (k)
0,GraphMVP,hERG (k),0.8546608090400696,13445.0,0.0003346969133506,,,cls,Tox,hERG (k)
0,GraphMVP,hERG (k),0.8542752861976624,13445.0,0.0003346969133506,,,cls,Tox,hERG (k)
0,GraphMVP,hERG (k),0.851496696472168,13445.0,0.0003346969133506,,,cls,Tox,hERG (k)
0,GraphMVP,hERG (k),0.8526793122291565,13445.0,0.0003346969133506,,,cls,Tox,hERG (k)
0,GraphMVP,hERG (k),0.8554067611694336,13445.0,0.0003346969133506,,,cls,Tox,hERG (k)
0,GraphMVP,hERG (k),0.856498658657074,13445.0,0.0003346969133506,,,cls,Tox,hERG (k)
0,GraphMVP,hERG (k),0.8520721197128296,13445.0,0.0003346969133506,,,cls,Tox,hERG (k)
0,GraphMVP,hERG (k),0.8543151617050171,13445.0,0.0003346969133506,,,cls,Tox,hERG (k)
0,GraphMVP,hERG (k),0.8555480241775513,13445.0,0.0003346969133506,,,cls,Tox,hERG (k)
0,GraphMVP,hERG (k),0.8501054048538208,13445.0,0.0003346969133506,,,cls,Tox,hERG (k)
0,GraphMVP,hERG (k),0.8509652614593506,13445.0,0.0003346969133506,,,cls,Tox,hERG (k)
0,GraphMVP,hERG (k),0.8514546155929565,13445.0,0.0003346969133506,,,cls,Tox,hERG (k)
0,GraphMVP,hERG (k),0.8548051118850708,13445.0,0.0003346969133506,,,cls,Tox,hERG (k)
0,GraphMVP,hERG (k),0.8555675148963928,13445.0,0.0003346969133506,,,cls,Tox,hERG (k)
0,GraphMVP,hERG (k),0.8542852401733398,13445.0,0.0003346969133506,,,cls,Tox,hERG (k)
0,GraphMVP,hERG (k),0.8542282581329346,13445.0,0.0003346969133506,,,cls,Tox,hERG (k)
0,GraphMVP,hERG (k),0.8544291257858276,13445.0,0.0003346969133506,,,cls,Tox,hERG (k)
0,ChemBertMTR-77M,hERG (k),0.8783657550811768,13445.0,0.0003346969133506,,,cls,Tox,hERG (k)
0,ChemBertMTR-77M,hERG (k),0.883144199848175,13445.0,0.0003346969133506,,,cls,Tox,hERG (k)
0,ChemBertMTR-77M,hERG (k),0.8821201324462891,13445.0,0.0003346969133506,,,cls,Tox,hERG (k)
0,ChemBertMTR-77M,hERG (k),0.8818646669387817,13445.0,0.0003346969133506,,,cls,Tox,hERG (k)
0,ChemBertMTR-77M,hERG (k),0.8822748064994812,13445.0,0.0003346969133506,,,cls,Tox,hERG (k)
0,ChemBertMTR-77M,hERG (k),0.8819564580917358,13445.0,0.0003346969133506,,,cls,Tox,hERG (k)
0,ChemBertMTR-77M,hERG (k),0.8839374780654907,13445.0,0.0003346969133506,,,cls,Tox,hERG (k)
0,ChemBertMTR-77M,hERG (k),0.8852081298828125,13445.0,0.0003346969133506,,,cls,Tox,hERG (k)
0,ChemBertMTR-77M,hERG (k),0.883041262626648,13445.0,0.0003346969133506,,,cls,Tox,hERG (k)
0,ChemBertMTR-77M,hERG (k),0.8851153254508972,13445.0,0.0003346969133506,,,cls,Tox,hERG (k)
0,ChemBertMTR-77M,hERG (k),0.8825575709342957,13445.0,0.0003346969133506,,,cls,Tox,hERG (k)
0,ChemBertMTR-77M,hERG (k),0.8840068578720093,13445.0,0.0003346969133506,,,cls,Tox,hERG (k)
0,ChemBertMTR-77M,hERG (k),0.8841471672058105,13445.0,0.0003346969133506,,,cls,Tox,hERG (k)
0,ChemBertMTR-77M,hERG (k),0.8822834491729736,13445.0,0.0003346969133506,,,cls,Tox,hERG (k)
0,ChemBertMTR-77M,hERG (k),0.8835180997848511,13445.0,0.0003346969133506,,,cls,Tox,hERG (k)
0,ChemBertMTR-77M,hERG (k),0.887841522693634,13445.0,0.0003346969133506,,,cls,Tox,hERG (k)
0,ChemBertMTR-77M,hERG (k),0.8825100064277649,13445.0,0.0003346969133506,,,cls,Tox,hERG (k)
0,ChemBertMTR-77M,hERG (k),0.8796501159667969,13445.0,0.0003346969133506,,,cls,Tox,hERG (k)
0,ChemBertMTR-77M,hERG (k),0.8833439350128174,13445.0,0.0003346969133506,,,cls,Tox,hERG (k)
0,ChemBertMTR-77M,hERG (k),0.8834289312362671,13445.0,0.0003346969133506,,,cls,Tox,hERG (k)
0,ThreeDInfomax,hERG (k),0.8590372800827026,13445.0,0.0003346969133506,,,cls,Tox,hERG (k)
0,ThreeDInfomax,hERG (k),0.860002338886261,13445.0,0.0003346969133506,,,cls,Tox,hERG (k)
0,ThreeDInfomax,hERG (k),0.8610973358154297,13445.0,0.0003346969133506,,,cls,Tox,hERG (k)
0,ThreeDInfomax,hERG (k),0.8580541610717773,13445.0,0.0003346969133506,,,cls,Tox,hERG (k)
0,ThreeDInfomax,hERG (k),0.8622602224349976,13445.0,0.0003346969133506,,,cls,Tox,hERG (k)
0,ThreeDInfomax,hERG (k),0.8624284863471985,13445.0,0.0003346969133506,,,cls,Tox,hERG (k)
0,ThreeDInfomax,hERG (k),0.8546223640441895,13445.0,0.0003346969133506,,,cls,Tox,hERG (k)
0,ThreeDInfomax,hERG (k),0.8600994348526001,13445.0,0.0003346969133506,,,cls,Tox,hERG (k)
0,ThreeDInfomax,hERG (k),0.8650425672531128,13445.0,0.0003346969133506,,,cls,Tox,hERG (k)
0,ThreeDInfomax,hERG (k),0.8638355731964111,13445.0,0.0003346969133506,,,cls,Tox,hERG (k)
0,ThreeDInfomax,hERG (k),0.8548953533172607,13445.0,0.0003346969133506,,,cls,Tox,hERG (k)
0,ThreeDInfomax,hERG (k),0.8590716123580933,13445.0,0.0003346969133506,,,cls,Tox,hERG (k)
0,ThreeDInfomax,hERG (k),0.8598737716674805,13445.0,0.0003346969133506,,,cls,Tox,hERG (k)
0,ThreeDInfomax,hERG (k),0.8612650632858276,13445.0,0.0003346969133506,,,cls,Tox,hERG (k)
0,ThreeDInfomax,hERG (k),0.8607748746871948,13445.0,0.0003346969133506,,,cls,Tox,hERG (k)
0,ThreeDInfomax,hERG (k),0.8624163866043091,13445.0,0.0003346969133506,,,cls,Tox,hERG (k)
0,ThreeDInfomax,hERG (k),0.8610941767692566,13445.0,0.0003346969133506,,,cls,Tox,hERG (k)
0,ThreeDInfomax,hERG (k),0.8595474362373352,13445.0,0.0003346969133506,,,cls,Tox,hERG (k)
0,ThreeDInfomax,hERG (k),0.8564532995223999,13445.0,0.0003346969133506,,,cls,Tox,hERG (k)
0,ThreeDInfomax,hERG (k),0.8594853281974792,13445.0,0.0003346969133506,,,cls,Tox,hERG (k)
0,MolR tag,hERG (k),0.8632141351699829,13445.0,0.0003346969133506,,,cls,Tox,hERG (k)
0,MolR tag,hERG (k),0.8695936799049377,13445.0,0.0003346969133506,,,cls,Tox,hERG (k)
0,MolR tag,hERG (k),0.866707444190979,13445.0,0.0003346969133506,,,cls,Tox,hERG (k)
0,MolR tag,hERG (k),0.8671334981918335,13445.0,0.0003346969133506,,,cls,Tox,hERG (k)
0,MolR tag,hERG (k),0.8658300638198853,13445.0,0.0003346969133506,,,cls,Tox,hERG (k)
0,MolR tag,hERG (k),0.8683619499206543,13445.0,0.0003346969133506,,,cls,Tox,hERG (k)
0,MolR tag,hERG (k),0.8687900304794312,13445.0,0.0003346969133506,,,cls,Tox,hERG (k)
0,MolR tag,hERG (k),0.8697056770324707,13445.0,0.0003346969133506,,,cls,Tox,hERG (k)
0,MolR tag,hERG (k),0.8620198965072632,13445.0,0.0003346969133506,,,cls,Tox,hERG (k)
0,MolR tag,hERG (k),0.8591933250427246,13445.0,0.0003346969133506,,,cls,Tox,hERG (k)
0,MolR tag,hERG (k),0.8635485172271729,13445.0,0.0003346969133506,,,cls,Tox,hERG (k)
0,MolR tag,hERG (k),0.8659447431564331,13445.0,0.0003346969133506,,,cls,Tox,hERG (k)
0,MolR tag,hERG (k),0.8647744655609131,13445.0,0.0003346969133506,,,cls,Tox,hERG (k)
0,MolR tag,hERG (k),0.8665059804916382,13445.0,0.0003346969133506,,,cls,Tox,hERG (k)
0,MolR tag,hERG (k),0.8703423142433167,13445.0,0.0003346969133506,,,cls,Tox,hERG (k)
0,MolR tag,hERG (k),0.8661798238754272,13445.0,0.0003346969133506,,,cls,Tox,hERG (k)
0,MolR tag,hERG (k),0.869301974773407,13445.0,0.0003346969133506,,,cls,Tox,hERG (k)
0,MolR tag,hERG (k),0.8660848736763,13445.0,0.0003346969133506,,,cls,Tox,hERG (k)
0,MolR tag,hERG (k),0.8698717355728149,13445.0,0.0003346969133506,,,cls,Tox,hERG (k)
0,MolR tag,hERG (k),0.8639116883277893,13445.0,0.0003346969133506,,,cls,Tox,hERG (k)
0,GraphMVP,AMES,0.8467788696289062,7278.0,0.0460291288815608,,,cls,Tox,AMES
0,GraphMVP,AMES,0.8427436351776123,7278.0,0.0460291288815608,,,cls,Tox,AMES
0,GraphMVP,AMES,0.8480278253555298,7278.0,0.0460291288815608,,,cls,Tox,AMES
0,GraphMVP,AMES,0.8508154153823853,7278.0,0.0460291288815608,,,cls,Tox,AMES
0,GraphMVP,AMES,0.8435300588607788,7278.0,0.0460291288815608,,,cls,Tox,AMES
0,GraphMVP,AMES,0.8536832332611084,7278.0,0.0460291288815608,,,cls,Tox,AMES
0,GraphMVP,AMES,0.8422038555145264,7278.0,0.0460291288815608,,,cls,Tox,AMES
0,GraphMVP,AMES,0.8515359163284302,7278.0,0.0460291288815608,,,cls,Tox,AMES
0,GraphMVP,AMES,0.8512006998062134,7278.0,0.0460291288815608,,,cls,Tox,AMES
0,GraphMVP,AMES,0.8496281504631042,7278.0,0.0460291288815608,,,cls,Tox,AMES
0,GraphMVP,AMES,0.8488855361938477,7278.0,0.0460291288815608,,,cls,Tox,AMES
0,GraphMVP,AMES,0.8513637781143188,7278.0,0.0460291288815608,,,cls,Tox,AMES
0,GraphMVP,AMES,0.8499963283538818,7278.0,0.0460291288815608,,,cls,Tox,AMES
0,GraphMVP,AMES,0.8442525267601013,7278.0,0.0460291288815608,,,cls,Tox,AMES
0,GraphMVP,AMES,0.8440287113189697,7278.0,0.0460291288815608,,,cls,Tox,AMES
0,GraphMVP,AMES,0.8426769971847534,7278.0,0.0460291288815608,,,cls,Tox,AMES
0,GraphMVP,AMES,0.8493000268936157,7278.0,0.0460291288815608,,,cls,Tox,AMES
0,GraphMVP,AMES,0.8463882207870483,7278.0,0.0460291288815608,,,cls,Tox,AMES
0,GraphMVP,AMES,0.8472670316696167,7278.0,0.0460291288815608,,,cls,Tox,AMES
0,GraphMVP,AMES,0.8448078632354736,7278.0,0.0460291288815608,,,cls,Tox,AMES
0,ChemBertMTR-77M,AMES,0.8780449628829956,7278.0,0.0460291288815608,,,cls,Tox,AMES
0,ChemBertMTR-77M,AMES,0.877028226852417,7278.0,0.0460291288815608,,,cls,Tox,AMES
0,ChemBertMTR-77M,AMES,0.8768775463104248,7278.0,0.0460291288815608,,,cls,Tox,AMES
0,ChemBertMTR-77M,AMES,0.8732489347457886,7278.0,0.0460291288815608,,,cls,Tox,AMES
0,ChemBertMTR-77M,AMES,0.8737565279006958,7278.0,0.0460291288815608,,,cls,Tox,AMES
0,ChemBertMTR-77M,AMES,0.8740427494049072,7278.0,0.0460291288815608,,,cls,Tox,AMES
0,ChemBertMTR-77M,AMES,0.8792374730110168,7278.0,0.0460291288815608,,,cls,Tox,AMES
0,ChemBertMTR-77M,AMES,0.8797650933265686,7278.0,0.0460291288815608,,,cls,Tox,AMES
0,ChemBertMTR-77M,AMES,0.8757984042167664,7278.0,0.0460291288815608,,,cls,Tox,AMES
0,ChemBertMTR-77M,AMES,0.8755662441253662,7278.0,0.0460291288815608,,,cls,Tox,AMES
0,ChemBertMTR-77M,AMES,0.8775111436843872,7278.0,0.0460291288815608,,,cls,Tox,AMES
0,ChemBertMTR-77M,AMES,0.88089519739151,7278.0,0.0460291288815608,,,cls,Tox,AMES
0,ChemBertMTR-77M,AMES,0.8758834004402161,7278.0,0.0460291288815608,,,cls,Tox,AMES
0,ChemBertMTR-77M,AMES,0.8774087429046631,7278.0,0.0460291288815608,,,cls,Tox,AMES
0,ChemBertMTR-77M,AMES,0.8736323118209839,7278.0,0.0460291288815608,,,cls,Tox,AMES
0,ChemBertMTR-77M,AMES,0.8753843307495117,7278.0,0.0460291288815608,,,cls,Tox,AMES
0,ChemBertMTR-77M,AMES,0.8812109231948853,7278.0,0.0460291288815608,,,cls,Tox,AMES
0,ChemBertMTR-77M,AMES,0.8725566864013672,7278.0,0.0460291288815608,,,cls,Tox,AMES
0,ChemBertMTR-77M,AMES,0.8717993497848511,7278.0,0.0460291288815608,,,cls,Tox,AMES
0,ChemBertMTR-77M,AMES,0.8728310465812683,7278.0,0.0460291288815608,,,cls,Tox,AMES
0,ThreeDInfomax,AMES,0.8612618446350098,7278.0,0.0460291288815608,,,cls,Tox,AMES
0,ThreeDInfomax,AMES,0.8608399629592896,7278.0,0.0460291288815608,,,cls,Tox,AMES
0,ThreeDInfomax,AMES,0.8651342988014221,7278.0,0.0460291288815608,,,cls,Tox,AMES
0,ThreeDInfomax,AMES,0.8601837158203125,7278.0,0.0460291288815608,,,cls,Tox,AMES
0,ThreeDInfomax,AMES,0.8614575862884521,7278.0,0.0460291288815608,,,cls,Tox,AMES
0,ThreeDInfomax,AMES,0.8588197827339172,7278.0,0.0460291288815608,,,cls,Tox,AMES
0,ThreeDInfomax,AMES,0.8591526746749878,7278.0,0.0460291288815608,,,cls,Tox,AMES
0,ThreeDInfomax,AMES,0.8624391555786133,7278.0,0.0460291288815608,,,cls,Tox,AMES
0,ThreeDInfomax,AMES,0.8606752157211304,7278.0,0.0460291288815608,,,cls,Tox,AMES
0,ThreeDInfomax,AMES,0.864215612411499,7278.0,0.0460291288815608,,,cls,Tox,AMES
0,ThreeDInfomax,AMES,0.8621076345443726,7278.0,0.0460291288815608,,,cls,Tox,AMES
0,ThreeDInfomax,AMES,0.8636325001716614,7278.0,0.0460291288815608,,,cls,Tox,AMES
0,ThreeDInfomax,AMES,0.8583011627197266,7278.0,0.0460291288815608,,,cls,Tox,AMES
0,ThreeDInfomax,AMES,0.8620918989181519,7278.0,0.0460291288815608,,,cls,Tox,AMES
0,ThreeDInfomax,AMES,0.8635058403015137,7278.0,0.0460291288815608,,,cls,Tox,AMES
0,ThreeDInfomax,AMES,0.8579102158546448,7278.0,0.0460291288815608,,,cls,Tox,AMES
0,ThreeDInfomax,AMES,0.8608573079109192,7278.0,0.0460291288815608,,,cls,Tox,AMES
0,ThreeDInfomax,AMES,0.8572694063186646,7278.0,0.0460291288815608,,,cls,Tox,AMES
0,ThreeDInfomax,AMES,0.85822594165802,7278.0,0.0460291288815608,,,cls,Tox,AMES
0,ThreeDInfomax,AMES,0.8636082410812378,7278.0,0.0460291288815608,,,cls,Tox,AMES
0,MolR tag,AMES,0.8620299696922302,7278.0,0.0460291288815608,,,cls,Tox,AMES
0,MolR tag,AMES,0.861860454082489,7278.0,0.0460291288815608,,,cls,Tox,AMES
0,MolR tag,AMES,0.8623191118240356,7278.0,0.0460291288815608,,,cls,Tox,AMES
0,MolR tag,AMES,0.861190915107727,7278.0,0.0460291288815608,,,cls,Tox,AMES
0,MolR tag,AMES,0.8663760423660278,7278.0,0.0460291288815608,,,cls,Tox,AMES
0,MolR tag,AMES,0.8633915185928345,7278.0,0.0460291288815608,,,cls,Tox,AMES
0,MolR tag,AMES,0.8659864664077759,7278.0,0.0460291288815608,,,cls,Tox,AMES
0,MolR tag,AMES,0.858392596244812,7278.0,0.0460291288815608,,,cls,Tox,AMES
0,MolR tag,AMES,0.8673056364059448,7278.0,0.0460291288815608,,,cls,Tox,AMES
0,MolR tag,AMES,0.8641675710678101,7278.0,0.0460291288815608,,,cls,Tox,AMES
0,MolR tag,AMES,0.8613013625144958,7278.0,0.0460291288815608,,,cls,Tox,AMES
0,MolR tag,AMES,0.8623664379119873,7278.0,0.0460291288815608,,,cls,Tox,AMES
0,MolR tag,AMES,0.8607094287872314,7278.0,0.0460291288815608,,,cls,Tox,AMES
0,MolR tag,AMES,0.8664076924324036,7278.0,0.0460291288815608,,,cls,Tox,AMES
0,MolR tag,AMES,0.8644902110099792,7278.0,0.0460291288815608,,,cls,Tox,AMES
0,MolR tag,AMES,0.8591197729110718,7278.0,0.0460291288815608,,,cls,Tox,AMES
0,MolR tag,AMES,0.8622919321060181,7278.0,0.0460291288815608,,,cls,Tox,AMES
0,MolR tag,AMES,0.8656190633773804,7278.0,0.0460291288815608,,,cls,Tox,AMES
0,MolR tag,AMES,0.8662046194076538,7278.0,0.0460291288815608,,,cls,Tox,AMES
0,MolR tag,AMES,0.8611170649528503,7278.0,0.0460291288815608,,,cls,Tox,AMES
0,GraphMVP,DILI,0.8946937322616577,475.0,0.003157894736842,,,cls,Tox,DILI
0,GraphMVP,DILI,0.8892005681991577,475.0,0.003157894736842,,,cls,Tox,DILI
0,GraphMVP,DILI,0.8952781558036804,475.0,0.003157894736842,,,cls,Tox,DILI
0,GraphMVP,DILI,0.8951612710952759,475.0,0.003157894736842,,,cls,Tox,DILI
0,GraphMVP,DILI,0.8783310055732727,475.0,0.003157894736842,,,cls,Tox,DILI
0,GraphMVP,DILI,0.8876811861991882,475.0,0.003157894736842,,,cls,Tox,DILI
0,GraphMVP,DILI,0.8920055627822876,475.0,0.003157894736842,,,cls,Tox,DILI
0,GraphMVP,DILI,0.8974988460540771,475.0,0.003157894736842,,,cls,Tox,DILI
0,GraphMVP,DILI,0.8976156711578369,475.0,0.003157894736842,,,cls,Tox,DILI
0,GraphMVP,DILI,0.8851098418235779,475.0,0.003157894736842,,,cls,Tox,DILI
0,GraphMVP,DILI,0.8824216723442078,475.0,0.003157894736842,,,cls,Tox,DILI
0,GraphMVP,DILI,0.8949275016784668,475.0,0.003157894736842,,,cls,Tox,DILI
0,GraphMVP,DILI,0.9033426642417908,475.0,0.003157894736842,,,cls,Tox,DILI
0,GraphMVP,DILI,0.9112902879714966,475.0,0.003157894736842,,,cls,Tox,DILI
0,GraphMVP,DILI,0.9060308933258056,475.0,0.003157894736842,,,cls,Tox,DILI
0,GraphMVP,DILI,0.8965637683868408,475.0,0.003157894736842,,,cls,Tox,DILI
0,GraphMVP,DILI,0.8996026515960693,475.0,0.003157894736842,,,cls,Tox,DILI
0,GraphMVP,DILI,0.8844086527824402,475.0,0.003157894736842,,,cls,Tox,DILI
0,GraphMVP,DILI,0.8925899863243103,475.0,0.003157894736842,,,cls,Tox,DILI
0,ChemBertMTR-77M,DILI,0.8934081196784973,475.0,0.003157894736842,,,cls,Tox,DILI
0,ChemBertMTR-77M,DILI,0.915147304534912,475.0,0.003157894736842,,,cls,Tox,DILI
0,ChemBertMTR-77M,DILI,0.9021739363670348,475.0,0.003157894736842,,,cls,Tox,DILI
0,ChemBertMTR-77M,DILI,0.893174409866333,475.0,0.003157894736842,,,cls,Tox,DILI
0,ChemBertMTR-77M,DILI,0.903225839138031,475.0,0.003157894736842,,,cls,Tox,DILI
0,ChemBertMTR-77M,DILI,0.9145628809928894,475.0,0.003157894736842,,,cls,Tox,DILI
0,ChemBertMTR-77M,DILI,0.8887330293655396,475.0,0.003157894736842,,,cls,Tox,DILI
0,ChemBertMTR-77M,DILI,0.900070071220398,475.0,0.003157894736842,,,cls,Tox,DILI
0,ChemBertMTR-77M,DILI,0.8854604959487915,475.0,0.003157894736842,,,cls,Tox,DILI
0,ChemBertMTR-77M,DILI,0.9159654378890992,475.0,0.003157894736842,,,cls,Tox,DILI
0,ChemBertMTR-77M,DILI,0.9074333310127258,475.0,0.003157894736842,,,cls,Tox,DILI
0,ChemBertMTR-77M,DILI,0.9194717407226562,475.0,0.003157894736842,,,cls,Tox,DILI
0,ChemBertMTR-77M,DILI,0.9158484935760498,475.0,0.003157894736842,,,cls,Tox,DILI
0,ChemBertMTR-77M,DILI,0.8893173933029175,475.0,0.003157894736842,,,cls,Tox,DILI
0,ChemBertMTR-77M,DILI,0.9071996212005616,475.0,0.003157894736842,,,cls,Tox,DILI
0,ChemBertMTR-77M,DILI,0.8888499736785889,475.0,0.003157894736842,,,cls,Tox,DILI
0,ChemBertMTR-77M,DILI,0.8816035389900208,475.0,0.003157894736842,,,cls,Tox,DILI
0,ChemBertMTR-77M,DILI,0.9172511100769044,475.0,0.003157894736842,,,cls,Tox,DILI
0,ChemBertMTR-77M,DILI,0.9090696573257446,475.0,0.003157894736842,,,cls,Tox,DILI
0,ChemBertMTR-77M,DILI,0.8991351127624512,475.0,0.003157894736842,,,cls,Tox,DILI
0,ThreeDInfomax,DILI,0.9014726281166076,475.0,0.003157894736842,,,cls,Tox,DILI
0,ThreeDInfomax,DILI,0.9011220335960388,475.0,0.003157894736842,,,cls,Tox,DILI
0,ThreeDInfomax,DILI,0.9021739363670348,475.0,0.003157894736842,,,cls,Tox,DILI
0,ThreeDInfomax,DILI,0.8924731016159058,475.0,0.003157894736842,,,cls,Tox,DILI
0,ThreeDInfomax,DILI,0.9005376100540161,475.0,0.003157894736842,,,cls,Tox,DILI
0,ThreeDInfomax,DILI,0.9004207849502563,475.0,0.003157894736842,,,cls,Tox,DILI
0,ThreeDInfomax,DILI,0.8861618041992188,475.0,0.003157894736842,,,cls,Tox,DILI
0,ThreeDInfomax,DILI,0.8880317211151123,475.0,0.003157894736842,,,cls,Tox,DILI
0,ThreeDInfomax,DILI,0.8973820209503174,475.0,0.003157894736842,,,cls,Tox,DILI
0,ThreeDInfomax,DILI,0.895395040512085,475.0,0.003157894736842,,,cls,Tox,DILI
0,ThreeDInfomax,DILI,0.8971481919288635,475.0,0.003157894736842,,,cls,Tox,DILI
0,ThreeDInfomax,DILI,0.8984338045120239,475.0,0.003157894736842,,,cls,Tox,DILI
0,ThreeDInfomax,DILI,0.8823047876358032,475.0,0.003157894736842,,,cls,Tox,DILI
0,ThreeDInfomax,DILI,0.8982000946998596,475.0,0.003157894736842,,,cls,Tox,DILI
0,ThreeDInfomax,DILI,0.8911874890327454,475.0,0.003157894736842,,,cls,Tox,DILI
0,ThreeDInfomax,DILI,0.9026414155960084,475.0,0.003157894736842,,,cls,Tox,DILI
0,ThreeDInfomax,DILI,0.8936418890953064,475.0,0.003157894736842,,,cls,Tox,DILI
0,ThreeDInfomax,DILI,0.895628809928894,475.0,0.003157894736842,,,cls,Tox,DILI
0,ThreeDInfomax,DILI,0.8965638875961304,475.0,0.003157894736842,,,cls,Tox,DILI
0,ThreeDInfomax,DILI,0.8943431973457336,475.0,0.003157894736842,,,cls,Tox,DILI
0,MolR tag,DILI,0.8921224474906921,475.0,0.003157894736842,,,cls,Tox,DILI
0,MolR tag,DILI,0.8811360597610474,475.0,0.003157894736842,,,cls,Tox,DILI
0,MolR tag,DILI,0.871435284614563,475.0,0.003157894736842,,,cls,Tox,DILI
0,MolR tag,DILI,0.8528518676757812,475.0,0.003157894736842,,,cls,Tox,DILI
0,MolR tag,DILI,0.8875643014907837,475.0,0.003157894736842,,,cls,Tox,DILI
0,MolR tag,DILI,0.8740065097808838,475.0,0.003157894736842,,,cls,Tox,DILI
0,MolR tag,DILI,0.8757597208023071,475.0,0.003157894736842,,,cls,Tox,DILI
0,MolR tag,DILI,0.8931743502616882,475.0,0.003157894736842,,,cls,Tox,DILI
0,MolR tag,DILI,0.8790322542190552,475.0,0.003157894736842,,,cls,Tox,DILI
0,MolR tag,DILI,0.8652406930923462,475.0,0.003157894736842,,,cls,Tox,DILI
0,MolR tag,DILI,0.8693314790725708,475.0,0.003157894736842,,,cls,Tox,DILI
0,MolR tag,DILI,0.8852267265319824,475.0,0.003157894736842,,,cls,Tox,DILI
0,MolR tag,DILI,0.8819541931152344,475.0,0.003157894736842,,,cls,Tox,DILI
0,MolR tag,DILI,0.867695152759552,475.0,0.003157894736842,,,cls,Tox,DILI
0,MolR tag,DILI,0.8671107292175293,475.0,0.003157894736842,,,cls,Tox,DILI
0,MolR tag,DILI,0.8773959875106812,475.0,0.003157894736842,,,cls,Tox,DILI
0,MolR tag,DILI,0.9017064571380616,475.0,0.003157894736842,,,cls,Tox,DILI
0,MolR tag,DILI,0.875525951385498,475.0,0.003157894736842,,,cls,Tox,DILI
0,GraphMVP,Carcinogens Lagunin,0.8283224105834961,280.0,0.2857142857142857,,,cls,Tox,Carcinogens
0,GraphMVP,Carcinogens Lagunin,0.8392157554626465,280.0,0.2857142857142857,,,cls,Tox,Carcinogens
0,GraphMVP,Carcinogens Lagunin,0.8396514058113098,280.0,0.2857142857142857,,,cls,Tox,Carcinogens
0,GraphMVP,Carcinogens Lagunin,0.8169934749603271,280.0,0.2857142857142857,,,cls,Tox,Carcinogens
0,GraphMVP,Carcinogens Lagunin,0.8440086841583252,280.0,0.2857142857142857,,,cls,Tox,Carcinogens
0,GraphMVP,Carcinogens Lagunin,0.8331154584884644,280.0,0.2857142857142857,,,cls,Tox,Carcinogens
0,GraphMVP,Carcinogens Lagunin,0.827886700630188,280.0,0.2857142857142857,,,cls,Tox,Carcinogens
0,GraphMVP,Carcinogens Lagunin,0.798257052898407,280.0,0.2857142857142857,,,cls,Tox,Carcinogens
0,GraphMVP,Carcinogens Lagunin,0.8339869379997253,280.0,0.2857142857142857,,,cls,Tox,Carcinogens
0,GraphMVP,Carcinogens Lagunin,0.83180832862854,280.0,0.2857142857142857,,,cls,Tox,Carcinogens
0,GraphMVP,Carcinogens Lagunin,0.8344226479530334,280.0,0.2857142857142857,,,cls,Tox,Carcinogens
0,GraphMVP,Carcinogens Lagunin,0.8274509906768799,280.0,0.2857142857142857,,,cls,Tox,Carcinogens
0,GraphMVP,Carcinogens Lagunin,0.8535947799682617,280.0,0.2857142857142857,,,cls,Tox,Carcinogens
0,GraphMVP,Carcinogens Lagunin,0.7808278799057007,280.0,0.2857142857142857,,,cls,Tox,Carcinogens
0,GraphMVP,Carcinogens Lagunin,0.8309367895126343,280.0,0.2857142857142857,,,cls,Tox,Carcinogens
0,GraphMVP,Carcinogens Lagunin,0.7668845057487488,280.0,0.2857142857142857,,,cls,Tox,Carcinogens
0,GraphMVP,Carcinogens Lagunin,0.8026143908500671,280.0,0.2857142857142857,,,cls,Tox,Carcinogens
0,GraphMVP,Carcinogens Lagunin,0.7908496260643005,280.0,0.2857142857142857,,,cls,Tox,Carcinogens
0,GraphMVP,Carcinogens Lagunin,0.8004357218742371,280.0,0.2857142857142857,,,cls,Tox,Carcinogens
0,ChemBertMTR-77M,Carcinogens Lagunin,0.8653595447540283,280.0,0.2857142857142857,,,cls,Tox,Carcinogens
0,ChemBertMTR-77M,Carcinogens Lagunin,0.8610022068023682,280.0,0.2857142857142857,,,cls,Tox,Carcinogens
0,ChemBertMTR-77M,Carcinogens Lagunin,0.8361656069755554,280.0,0.2857142857142857,,,cls,Tox,Carcinogens
0,ChemBertMTR-77M,Carcinogens Lagunin,0.812636137008667,280.0,0.2857142857142857,,,cls,Tox,Carcinogens
0,ChemBertMTR-77M,Carcinogens Lagunin,0.8766884803771973,280.0,0.2857142857142857,,,cls,Tox,Carcinogens
0,ChemBertMTR-77M,Carcinogens Lagunin,0.842265784740448,280.0,0.2857142857142857,,,cls,Tox,Carcinogens
0,ChemBertMTR-77M,Carcinogens Lagunin,0.8305010795593262,280.0,0.2857142857142857,,,cls,Tox,Carcinogens
0,ChemBertMTR-77M,Carcinogens Lagunin,0.9132897853851318,280.0,0.2857142857142857,,,cls,Tox,Carcinogens
0,ChemBertMTR-77M,Carcinogens Lagunin,0.8801742792129517,280.0,0.2857142857142857,,,cls,Tox,Carcinogens
0,ChemBertMTR-77M,Carcinogens Lagunin,0.8570806384086609,280.0,0.2857142857142857,,,cls,Tox,Carcinogens
0,ChemBertMTR-77M,Carcinogens Lagunin,0.8771241903305054,280.0,0.2857142857142857,,,cls,Tox,Carcinogens
0,ChemBertMTR-77M,Carcinogens Lagunin,0.843137264251709,280.0,0.2857142857142857,,,cls,Tox,Carcinogens
0,ChemBertMTR-77M,Carcinogens Lagunin,0.8318082690238953,280.0,0.2857142857142857,,,cls,Tox,Carcinogens
0,ChemBertMTR-77M,Carcinogens Lagunin,0.8836601376533508,280.0,0.2857142857142857,,,cls,Tox,Carcinogens
0,ChemBertMTR-77M,Carcinogens Lagunin,0.8705882430076599,280.0,0.2857142857142857,,,cls,Tox,Carcinogens
0,ChemBertMTR-77M,Carcinogens Lagunin,0.8797385692596436,280.0,0.2857142857142857,,,cls,Tox,Carcinogens
0,ChemBertMTR-77M,Carcinogens Lagunin,0.871023952960968,280.0,0.2857142857142857,,,cls,Tox,Carcinogens
0,ChemBertMTR-77M,Carcinogens Lagunin,0.8936818838119507,280.0,0.2857142857142857,,,cls,Tox,Carcinogens
0,ChemBertMTR-77M,Carcinogens Lagunin,0.8575162887573242,280.0,0.2857142857142857,,,cls,Tox,Carcinogens
0,ChemBertMTR-77M,Carcinogens Lagunin,0.8644880056381226,280.0,0.2857142857142857,,,cls,Tox,Carcinogens
0,ThreeDInfomax,Carcinogens Lagunin,0.8605664372444153,280.0,0.2857142857142857,,,cls,Tox,Carcinogens
0,ThreeDInfomax,Carcinogens Lagunin,0.8827886581420898,280.0,0.2857142857142857,,,cls,Tox,Carcinogens
0,ThreeDInfomax,Carcinogens Lagunin,0.8679738640785217,280.0,0.2857142857142857,,,cls,Tox,Carcinogens
0,ThreeDInfomax,Carcinogens Lagunin,0.8601307272911072,280.0,0.2857142857142857,,,cls,Tox,Carcinogens
0,ThreeDInfomax,Carcinogens Lagunin,0.8496731519699097,280.0,0.2857142857142857,,,cls,Tox,Carcinogens
0,ThreeDInfomax,Carcinogens Lagunin,0.8649237155914307,280.0,0.2857142857142857,,,cls,Tox,Carcinogens
0,ThreeDInfomax,Carcinogens Lagunin,0.8653594851493835,280.0,0.2857142857142857,,,cls,Tox,Carcinogens
0,ThreeDInfomax,Carcinogens Lagunin,0.8575162887573242,280.0,0.2857142857142857,,,cls,Tox,Carcinogens
0,ThreeDInfomax,Carcinogens Lagunin,0.8753812313079834,280.0,0.2857142857142857,,,cls,Tox,Carcinogens
0,ThreeDInfomax,Carcinogens Lagunin,0.8723311424255371,280.0,0.2857142857142857,,,cls,Tox,Carcinogens
0,ThreeDInfomax,Carcinogens Lagunin,0.8544661998748779,280.0,0.2857142857142857,,,cls,Tox,Carcinogens
0,ThreeDInfomax,Carcinogens Lagunin,0.8466230630874634,280.0,0.2857142857142857,,,cls,Tox,Carcinogens
0,ThreeDInfomax,Carcinogens Lagunin,0.8413943648338318,280.0,0.2857142857142857,,,cls,Tox,Carcinogens
0,ThreeDInfomax,Carcinogens Lagunin,0.8483660221099854,280.0,0.2857142857142857,,,cls,Tox,Carcinogens
0,ThreeDInfomax,Carcinogens Lagunin,0.859259307384491,280.0,0.2857142857142857,,,cls,Tox,Carcinogens
0,ThreeDInfomax,Carcinogens Lagunin,0.8509804010391235,280.0,0.2857142857142857,,,cls,Tox,Carcinogens
0,ThreeDInfomax,Carcinogens Lagunin,0.8644880056381226,280.0,0.2857142857142857,,,cls,Tox,Carcinogens
0,ThreeDInfomax,Carcinogens Lagunin,0.8697167634963989,280.0,0.2857142857142857,,,cls,Tox,Carcinogens
0,ThreeDInfomax,Carcinogens Lagunin,0.8614379167556763,280.0,0.2857142857142857,,,cls,Tox,Carcinogens
0,MolR tag,Carcinogens Lagunin,0.8226579427719116,280.0,0.2857142857142857,,,cls,Tox,Carcinogens
0,MolR tag,Carcinogens Lagunin,0.8061001896858215,280.0,0.2857142857142857,,,cls,Tox,Carcinogens
0,MolR tag,Carcinogens Lagunin,0.8261438012123108,280.0,0.2857142857142857,,,cls,Tox,Carcinogens
0,MolR tag,Carcinogens Lagunin,0.7651416063308716,280.0,0.2857142857142857,,,cls,Tox,Carcinogens
0,MolR tag,Carcinogens Lagunin,0.8061002492904663,280.0,0.2857142857142857,,,cls,Tox,Carcinogens
0,MolR tag,Carcinogens Lagunin,0.7590413689613342,280.0,0.2857142857142857,,,cls,Tox,Carcinogens
0,MolR tag,Carcinogens Lagunin,0.7342047691345215,280.0,0.2857142857142857,,,cls,Tox,Carcinogens
0,MolR tag,Carcinogens Lagunin,0.8130719065666199,280.0,0.2857142857142857,,,cls,Tox,Carcinogens
0,MolR tag,Carcinogens Lagunin,0.8104574680328369,280.0,0.2857142857142857,,,cls,Tox,Carcinogens
0,MolR tag,Carcinogens Lagunin,0.8074073791503906,280.0,0.2857142857142857,,,cls,Tox,Carcinogens
0,MolR tag,Carcinogens Lagunin,0.7851851582527161,280.0,0.2857142857142857,,,cls,Tox,Carcinogens
0,MolR tag,Carcinogens Lagunin,0.7690631151199341,280.0,0.2857142857142857,,,cls,Tox,Carcinogens
0,MolR tag,Carcinogens Lagunin,0.7956427335739136,280.0,0.2857142857142857,,,cls,Tox,Carcinogens
0,MolR tag,Carcinogens Lagunin,0.7995642423629761,280.0,0.2857142857142857,,,cls,Tox,Carcinogens
0,MolR tag,Carcinogens Lagunin,0.8004357218742371,280.0,0.2857142857142857,,,cls,Tox,Carcinogens
0,MolR tag,Carcinogens Lagunin,0.787799596786499,280.0,0.2857142857142857,,,cls,Tox,Carcinogens
0,MolR tag,Carcinogens Lagunin,0.8331154584884644,280.0,0.2857142857142857,,,cls,Tox,Carcinogens
0,MolR tag,Carcinogens Lagunin,0.7220042943954468,280.0,0.2857142857142857,,,cls,Tox,Carcinogens
0,MolR tag,Carcinogens Lagunin,0.7921568751335144,280.0,0.2857142857142857,,,cls,Tox,Carcinogens
0,MolR tag,Carcinogens Lagunin,0.7694989442825317,280.0,0.2857142857142857,,,cls,Tox,Carcinogens
0,GraphMVP,Skin  Reaction,0.7455427050590515,404.0,0.1782178217821782,,,cls,Tox,Skin Reaction
0,GraphMVP,Skin  Reaction,0.7419075965881348,404.0,0.1782178217821782,,,cls,Tox,Skin Reaction
0,GraphMVP,Skin  Reaction,0.7258092164993286,404.0,0.1782178217821782,,,cls,Tox,Skin Reaction
0,GraphMVP,Skin  Reaction,0.705729603767395,404.0,0.1782178217821782,,,cls,Tox,Skin Reaction
0,GraphMVP,Skin  Reaction,0.7195776700973511,404.0,0.1782178217821782,,,cls,Tox,Skin Reaction
0,GraphMVP,Skin  Reaction,0.702786922454834,404.0,0.1782178217821782,,,cls,Tox,Skin Reaction
0,GraphMVP,Skin  Reaction,0.7630257606506348,404.0,0.1782178217821782,,,cls,Tox,Skin Reaction
0,GraphMVP,Skin  Reaction,0.7654491662979126,404.0,0.1782178217821782,,,cls,Tox,Skin Reaction
0,GraphMVP,Skin  Reaction,0.7502163648605347,404.0,0.1782178217821782,,,cls,Tox,Skin Reaction
0,GraphMVP,Skin  Reaction,0.7441579103469849,404.0,0.1782178217821782,,,cls,Tox,Skin Reaction
0,GraphMVP,Skin  Reaction,0.6662628054618835,404.0,0.1782178217821782,,,cls,Tox,Skin Reaction
0,GraphMVP,Skin  Reaction,0.7358490228652954,404.0,0.1782178217821782,,,cls,Tox,Skin Reaction
0,GraphMVP,Skin  Reaction,0.7694305181503296,404.0,0.1782178217821782,,,cls,Tox,Skin Reaction
0,GraphMVP,Skin  Reaction,0.7244244813919067,404.0,0.1782178217821782,,,cls,Tox,Skin Reaction
0,GraphMVP,Skin  Reaction,0.7642374634742737,404.0,0.1782178217821782,,,cls,Tox,Skin Reaction
0,GraphMVP,Skin  Reaction,0.7129998207092285,404.0,0.1782178217821782,,,cls,Tox,Skin Reaction
0,GraphMVP,Skin  Reaction,0.7200969457626343,404.0,0.1782178217821782,,,cls,Tox,Skin Reaction
0,GraphMVP,Skin  Reaction,0.7574865818023682,404.0,0.1782178217821782,,,cls,Tox,Skin Reaction
0,GraphMVP,Skin  Reaction,0.6939587593078613,404.0,0.1782178217821782,,,cls,Tox,Skin Reaction
0,GraphMVP,Skin  Reaction,0.7185389995574951,404.0,0.1782178217821782,,,cls,Tox,Skin Reaction
0,ChemBertMTR-77M,Skin  Reaction,0.7886446118354797,404.0,0.1782178217821782,,,cls,Tox,Skin Reaction
0,ChemBertMTR-77M,Skin  Reaction,0.7818937301635742,404.0,0.1782178217821782,,,cls,Tox,Skin Reaction
0,ChemBertMTR-77M,Skin  Reaction,0.8052622079849243,404.0,0.1782178217821782,,,cls,Tox,Skin Reaction
0,ChemBertMTR-77M,Skin  Reaction,0.7697767019271851,404.0,0.1782178217821782,,,cls,Tox,Skin Reaction
0,ChemBertMTR-77M,Skin  Reaction,0.7780855298042297,404.0,0.1782178217821782,,,cls,Tox,Skin Reaction
0,ChemBertMTR-77M,Skin  Reaction,0.7910679578781128,404.0,0.1782178217821782,,,cls,Tox,Skin Reaction
0,ChemBertMTR-77M,Skin  Reaction,0.8128786087036133,404.0,0.1782178217821782,,,cls,Tox,Skin Reaction
0,ChemBertMTR-77M,Skin  Reaction,0.7848364114761353,404.0,0.1782178217821782,,,cls,Tox,Skin Reaction
0,ChemBertMTR-77M,Skin  Reaction,0.7664877772331238,404.0,0.1782178217821782,,,cls,Tox,Skin Reaction
0,ChemBertMTR-77M,Skin  Reaction,0.8123593926429749,404.0,0.1782178217821782,,,cls,Tox,Skin Reaction
0,ChemBertMTR-77M,Skin  Reaction,0.8088973760604858,404.0,0.1782178217821782,,,cls,Tox,Skin Reaction
0,ChemBertMTR-77M,Skin  Reaction,0.7727193832397461,404.0,0.1782178217821782,,,cls,Tox,Skin Reaction
0,ChemBertMTR-77M,Skin  Reaction,0.7827592492103577,404.0,0.1782178217821782,,,cls,Tox,Skin Reaction
0,ChemBertMTR-77M,Skin  Reaction,0.7716807723045349,404.0,0.1782178217821782,,,cls,Tox,Skin Reaction
0,ChemBertMTR-77M,Skin  Reaction,0.7548900842666626,404.0,0.1782178217821782,,,cls,Tox,Skin Reaction
0,ChemBertMTR-77M,Skin  Reaction,0.7690843343734741,404.0,0.1782178217821782,,,cls,Tox,Skin Reaction
0,ChemBertMTR-77M,Skin  Reaction,0.7683918476104736,404.0,0.1782178217821782,,,cls,Tox,Skin Reaction
0,ChemBertMTR-77M,Skin  Reaction,0.8111476898193359,404.0,0.1782178217821782,,,cls,Tox,Skin Reaction
0,ChemBertMTR-77M,Skin  Reaction,0.7619872093200684,404.0,0.1782178217821782,,,cls,Tox,Skin Reaction
0,ChemBertMTR-77M,Skin  Reaction,0.7623333930969238,404.0,0.1782178217821782,,,cls,Tox,Skin Reaction
0,ThreeDInfomax,Skin  Reaction,0.766314685344696,404.0,0.1782178217821782,,,cls,Tox,Skin Reaction
0,ThreeDInfomax,Skin  Reaction,0.7455426454544067,404.0,0.1782178217821782,,,cls,Tox,Skin Reaction
0,ThreeDInfomax,Skin  Reaction,0.7882984280586243,404.0,0.1782178217821782,,,cls,Tox,Skin Reaction
0,ThreeDInfomax,Skin  Reaction,0.7702959775924683,404.0,0.1782178217821782,,,cls,Tox,Skin Reaction
0,ThreeDInfomax,Skin  Reaction,0.7751427888870239,404.0,0.1782178217821782,,,cls,Tox,Skin Reaction
0,ThreeDInfomax,Skin  Reaction,0.7715076804161072,404.0,0.1782178217821782,,,cls,Tox,Skin Reaction
0,ThreeDInfomax,Skin  Reaction,0.7486584782600403,404.0,0.1782178217821782,,,cls,Tox,Skin Reaction
0,ThreeDInfomax,Skin  Reaction,0.7725462913513184,404.0,0.1782178217821782,,,cls,Tox,Skin Reaction
0,ThreeDInfomax,Skin  Reaction,0.7839709520339966,404.0,0.1782178217821782,,,cls,Tox,Skin Reaction
0,ThreeDInfomax,Skin  Reaction,0.7704691290855408,404.0,0.1782178217821782,,,cls,Tox,Skin Reaction
0,ThreeDInfomax,Skin  Reaction,0.7284057140350342,404.0,0.1782178217821782,,,cls,Tox,Skin Reaction
0,ThreeDInfomax,Skin  Reaction,0.7270209789276123,404.0,0.1782178217821782,,,cls,Tox,Skin Reaction
0,ThreeDInfomax,Skin  Reaction,0.7741042375564575,404.0,0.1782178217821782,,,cls,Tox,Skin Reaction
0,ThreeDInfomax,Skin  Reaction,0.781547486782074,404.0,0.1782178217821782,,,cls,Tox,Skin Reaction
0,ThreeDInfomax,Skin  Reaction,0.7763544917106628,404.0,0.1782178217821782,,,cls,Tox,Skin Reaction
0,ThreeDInfomax,Skin  Reaction,0.7718539237976074,404.0,0.1782178217821782,,,cls,Tox,Skin Reaction
0,ThreeDInfomax,Skin  Reaction,0.6879003047943115,404.0,0.1782178217821782,,,cls,Tox,Skin Reaction
0,ThreeDInfomax,Skin  Reaction,0.7481391429901123,404.0,0.1782178217821782,,,cls,Tox,Skin Reaction
0,ThreeDInfomax,Skin  Reaction,0.7896832227706909,404.0,0.1782178217821782,,,cls,Tox,Skin Reaction
0,ThreeDInfomax,Skin  Reaction,0.7818937301635742,404.0,0.1782178217821782,,,cls,Tox,Skin Reaction
0,MolR tag,Skin  Reaction,0.7019214630126953,404.0,0.1782178217821782,,,cls,Tox,Skin Reaction
0,MolR tag,Skin  Reaction,0.6737060546875,404.0,0.1782178217821782,,,cls,Tox,Skin Reaction
0,MolR tag,Skin  Reaction,0.7053834199905396,404.0,0.1782178217821782,,,cls,Tox,Skin Reaction
0,MolR tag,Skin  Reaction,0.6879003047943115,404.0,0.1782178217821782,,,cls,Tox,Skin Reaction
0,MolR tag,Skin  Reaction,0.7012289762496948,404.0,0.1782178217821782,,,cls,Tox,Skin Reaction
0,MolR tag,Skin  Reaction,0.6885926723480225,404.0,0.1782178217821782,,,cls,Tox,Skin Reaction
0,MolR tag,Skin  Reaction,0.7095378637313843,404.0,0.1782178217821782,,,cls,Tox,Skin Reaction
0,MolR tag,Skin  Reaction,0.6858230829238892,404.0,0.1782178217821782,,,cls,Tox,Skin Reaction
0,MolR tag,Skin  Reaction,0.6716288924217224,404.0,0.1782178217821782,,,cls,Tox,Skin Reaction
0,MolR tag,Skin  Reaction,0.688765823841095,404.0,0.1782178217821782,,,cls,Tox,Skin Reaction
0,MolR tag,Skin  Reaction,0.6953436136245728,404.0,0.1782178217821782,,,cls,Tox,Skin Reaction
0,MolR tag,Skin  Reaction,0.6887657642364502,404.0,0.1782178217821782,,,cls,Tox,Skin Reaction
0,MolR tag,Skin  Reaction,0.6825342178344727,404.0,0.1782178217821782,,,cls,Tox,Skin Reaction
0,MolR tag,Skin  Reaction,0.6994980573654175,404.0,0.1782178217821782,,,cls,Tox,Skin Reaction
0,MolR tag,Skin  Reaction,0.6989786624908447,404.0,0.1782178217821782,,,cls,Tox,Skin Reaction
0,MolR tag,Skin  Reaction,0.7010558843612671,404.0,0.1782178217821782,,,cls,Tox,Skin Reaction
0,MolR tag,Skin  Reaction,0.7119612693786621,404.0,0.1782178217821782,,,cls,Tox,Skin Reaction
0,MolR tag,Skin  Reaction,0.6996710896492004,404.0,0.1782178217821782,,,cls,Tox,Skin Reaction
0,MolR tag,Skin  Reaction,0.720270037651062,404.0,0.1782178217821782,,,cls,Tox,Skin Reaction
0,MolR tag,Skin  Reaction,0.6589925289154053,404.0,0.1782178217821782,,,cls,Tox,Skin Reaction
0,GraphMVP,ClinTox,0.6092032790184021,1478.0,0.4242219215155616,,,cls,Tox,ClinTox
0,GraphMVP,ClinTox,0.6078754663467407,1478.0,0.4242219215155616,,,cls,Tox,ClinTox
0,GraphMVP,ClinTox,0.6044185161590576,1478.0,0.4242219215155616,,,cls,Tox,ClinTox
0,GraphMVP,ClinTox,0.581158459186554,1478.0,0.4242219215155616,,,cls,Tox,ClinTox
0,GraphMVP,ClinTox,0.5785256624221802,1478.0,0.4242219215155616,,,cls,Tox,ClinTox
0,GraphMVP,ClinTox,0.598649263381958,1478.0,0.4242219215155616,,,cls,Tox,ClinTox
0,GraphMVP,ClinTox,0.6188873648643494,1478.0,0.4242219215155616,,,cls,Tox,ClinTox
0,GraphMVP,ClinTox,0.5907279849052429,1478.0,0.4242219215155616,,,cls,Tox,ClinTox
0,GraphMVP,ClinTox,0.5937957763671875,1478.0,0.4242219215155616,,,cls,Tox,ClinTox
0,GraphMVP,ClinTox,0.6139423251152039,1478.0,0.4242219215155616,,,cls,Tox,ClinTox
0,GraphMVP,ClinTox,0.6118360757827759,1478.0,0.4242219215155616,,,cls,Tox,ClinTox
0,GraphMVP,ClinTox,0.5830585956573486,1478.0,0.4242219215155616,,,cls,Tox,ClinTox
0,GraphMVP,ClinTox,0.5880036354064941,1478.0,0.4242219215155616,,,cls,Tox,ClinTox
0,GraphMVP,ClinTox,0.610393762588501,1478.0,0.4242219215155616,,,cls,Tox,ClinTox
0,GraphMVP,ClinTox,0.572367250919342,1478.0,0.4242219215155616,,,cls,Tox,ClinTox
0,GraphMVP,ClinTox,0.5807463526725769,1478.0,0.4242219215155616,,,cls,Tox,ClinTox
0,GraphMVP,ClinTox,0.6029762029647827,1478.0,0.4242219215155616,,,cls,Tox,ClinTox
0,GraphMVP,ClinTox,0.5954898595809937,1478.0,0.4242219215155616,,,cls,Tox,ClinTox
0,GraphMVP,ClinTox,0.6099129915237427,1478.0,0.4242219215155616,,,cls,Tox,ClinTox
0,GraphMVP,ClinTox,0.6233745813369751,1478.0,0.4242219215155616,,,cls,Tox,ClinTox
0,ChemBertMTR-77M,ClinTox,0.6820741891860962,1478.0,0.4242219215155616,,,cls,Tox,ClinTox
0,ChemBertMTR-77M,ClinTox,0.6957188844680786,1478.0,0.4242219215155616,,,cls,Tox,ClinTox
0,ChemBertMTR-77M,ClinTox,0.6539377570152283,1478.0,0.4242219215155616,,,cls,Tox,ClinTox
0,ChemBertMTR-77M,ClinTox,0.7061126232147217,1478.0,0.4242219215155616,,,cls,Tox,ClinTox
0,ChemBertMTR-77M,ClinTox,0.6758012771606445,1478.0,0.4242219215155616,,,cls,Tox,ClinTox
0,ChemBertMTR-77M,ClinTox,0.6629579067230225,1478.0,0.4242219215155616,,,cls,Tox,ClinTox
0,ChemBertMTR-77M,ClinTox,0.7026556730270386,1478.0,0.4242219215155616,,,cls,Tox,ClinTox
0,ChemBertMTR-77M,ClinTox,0.6653846502304077,1478.0,0.4242219215155616,,,cls,Tox,ClinTox
0,ChemBertMTR-77M,ClinTox,0.6724816560745239,1478.0,0.4242219215155616,,,cls,Tox,ClinTox
0,ChemBertMTR-77M,ClinTox,0.6729853749275208,1478.0,0.4242219215155616,,,cls,Tox,ClinTox
0,ChemBertMTR-77M,ClinTox,0.6781822443008423,1478.0,0.4242219215155616,,,cls,Tox,ClinTox
0,ChemBertMTR-77M,ClinTox,0.6697802543640137,1478.0,0.4242219215155616,,,cls,Tox,ClinTox
0,ChemBertMTR-77M,ClinTox,0.6509615182876587,1478.0,0.4242219215155616,,,cls,Tox,ClinTox
0,ChemBertMTR-77M,ClinTox,0.6958562135696411,1478.0,0.4242219215155616,,,cls,Tox,ClinTox
0,ChemBertMTR-77M,ClinTox,0.660828709602356,1478.0,0.4242219215155616,,,cls,Tox,ClinTox
0,ChemBertMTR-77M,ClinTox,0.670100748538971,1478.0,0.4242219215155616,,,cls,Tox,ClinTox
0,ChemBertMTR-77M,ClinTox,0.6609203219413757,1478.0,0.4242219215155616,,,cls,Tox,ClinTox
0,ChemBertMTR-77M,ClinTox,0.6826236248016357,1478.0,0.4242219215155616,,,cls,Tox,ClinTox
0,ChemBertMTR-77M,ClinTox,0.6793726682662964,1478.0,0.4242219215155616,,,cls,Tox,ClinTox
0,ChemBertMTR-77M,ClinTox,0.6870421171188354,1478.0,0.4242219215155616,,,cls,Tox,ClinTox
0,ThreeDInfomax,ClinTox,0.7772893905639648,1478.0,0.4242219215155616,,,cls,Tox,ClinTox
0,ThreeDInfomax,ClinTox,0.7596153616905212,1478.0,0.4242219215155616,,,cls,Tox,ClinTox
0,ThreeDInfomax,ClinTox,0.788095235824585,1478.0,0.4242219215155616,,,cls,Tox,ClinTox
0,ThreeDInfomax,ClinTox,0.7344322204589844,1478.0,0.4242219215155616,,,cls,Tox,ClinTox
0,ThreeDInfomax,ClinTox,0.7763736248016357,1478.0,0.4242219215155616,,,cls,Tox,ClinTox
0,ThreeDInfomax,ClinTox,0.7662546038627625,1478.0,0.4242219215155616,,,cls,Tox,ClinTox
0,ThreeDInfomax,ClinTox,0.7480311393737793,1478.0,0.4242219215155616,,,cls,Tox,ClinTox
0,ThreeDInfomax,ClinTox,0.7579212188720703,1478.0,0.4242219215155616,,,cls,Tox,ClinTox
0,ThreeDInfomax,ClinTox,0.7782509326934814,1478.0,0.4242219215155616,,,cls,Tox,ClinTox
0,ThreeDInfomax,ClinTox,0.7498626708984375,1478.0,0.4242219215155616,,,cls,Tox,ClinTox
0,ThreeDInfomax,ClinTox,0.7834707498550415,1478.0,0.4242219215155616,,,cls,Tox,ClinTox
0,ThreeDInfomax,ClinTox,0.7502289414405823,1478.0,0.4242219215155616,,,cls,Tox,ClinTox
0,ThreeDInfomax,ClinTox,0.790705144405365,1478.0,0.4242219215155616,,,cls,Tox,ClinTox
0,ThreeDInfomax,ClinTox,0.7623168230056763,1478.0,0.4242219215155616,,,cls,Tox,ClinTox
0,ThreeDInfomax,ClinTox,0.7667582035064697,1478.0,0.4242219215155616,,,cls,Tox,ClinTox
0,ThreeDInfomax,ClinTox,0.778983473777771,1478.0,0.4242219215155616,,,cls,Tox,ClinTox
0,ThreeDInfomax,ClinTox,0.7932233810424805,1478.0,0.4242219215155616,,,cls,Tox,ClinTox
0,ThreeDInfomax,ClinTox,0.7614927291870117,1478.0,0.4242219215155616,,,cls,Tox,ClinTox
0,ThreeDInfomax,ClinTox,0.7746795415878296,1478.0,0.4242219215155616,,,cls,Tox,ClinTox
0,ThreeDInfomax,ClinTox,0.7822802066802979,1478.0,0.4242219215155616,,,cls,Tox,ClinTox
0,MolR tag,ClinTox,0.7961996793746948,1478.0,0.4242219215155616,,,cls,Tox,ClinTox
0,MolR tag,ClinTox,0.7988095283508301,1478.0,0.4242219215155616,,,cls,Tox,ClinTox
0,MolR tag,ClinTox,0.8079670667648315,1478.0,0.4242219215155616,,,cls,Tox,ClinTox
0,MolR tag,ClinTox,0.7728479504585266,1478.0,0.4242219215155616,,,cls,Tox,ClinTox
0,MolR tag,ClinTox,0.7967491149902344,1478.0,0.4242219215155616,,,cls,Tox,ClinTox
0,MolR tag,ClinTox,0.8182234168052673,1478.0,0.4242219215155616,,,cls,Tox,ClinTox
0,MolR tag,ClinTox,0.8137362599372864,1478.0,0.4242219215155616,,,cls,Tox,ClinTox
0,MolR tag,ClinTox,0.7903846502304077,1478.0,0.4242219215155616,,,cls,Tox,ClinTox
0,MolR tag,ClinTox,0.7738094925880432,1478.0,0.4242219215155616,,,cls,Tox,ClinTox
0,MolR tag,ClinTox,0.7603021860122681,1478.0,0.4242219215155616,,,cls,Tox,ClinTox
0,MolR tag,ClinTox,0.8002289533615112,1478.0,0.4242219215155616,,,cls,Tox,ClinTox
0,MolR tag,ClinTox,0.7944597005844116,1478.0,0.4242219215155616,,,cls,Tox,ClinTox
0,MolR tag,ClinTox,0.7538461685180664,1478.0,0.4242219215155616,,,cls,Tox,ClinTox
0,MolR tag,ClinTox,0.8070970177650452,1478.0,0.4242219215155616,,,cls,Tox,ClinTox
0,MolR tag,ClinTox,0.7722985744476318,1478.0,0.4242219215155616,,,cls,Tox,ClinTox
0,MolR tag,ClinTox,0.8061355352401733,1478.0,0.4242219215155616,,,cls,Tox,ClinTox
0,MolR tag,ClinTox,0.7483058571815491,1478.0,0.4242219215155616,,,cls,Tox,ClinTox
0,MolR tag,ClinTox,0.718498170375824,1478.0,0.4242219215155616,,,cls,Tox,ClinTox
0,MolR tag,ClinTox,0.7683149576187134,1478.0,0.4242219215155616,,,cls,Tox,ClinTox
0,MolR tag,ClinTox,0.8009614944458008,1478.0,0.4242219215155616,,,cls,Tox,ClinTox
0,GraphMVP,PAMPA NCATS,0.6784255504608154,2034.0,0.3549655850540806,,,cls,Absorption,PAMPA
0,GraphMVP,PAMPA NCATS,0.6689730882644653,2034.0,0.3549655850540806,,,cls,Absorption,PAMPA
0,GraphMVP,PAMPA NCATS,0.6719096899032593,2034.0,0.3549655850540806,,,cls,Absorption,PAMPA
0,GraphMVP,PAMPA NCATS,0.6774299144744873,2034.0,0.3549655850540806,,,cls,Absorption,PAMPA
0,GraphMVP,PAMPA NCATS,0.6722877621650696,2034.0,0.3549655850540806,,,cls,Absorption,PAMPA
0,GraphMVP,PAMPA NCATS,0.695188045501709,2034.0,0.3549655850540806,,,cls,Absorption,PAMPA
0,GraphMVP,PAMPA NCATS,0.6720861196517944,2034.0,0.3549655850540806,,,cls,Absorption,PAMPA
0,GraphMVP,PAMPA NCATS,0.6572015285491943,2034.0,0.3549655850540806,,,cls,Absorption,PAMPA
0,GraphMVP,PAMPA NCATS,0.6808328628540039,2034.0,0.3549655850540806,,,cls,Absorption,PAMPA
0,GraphMVP,PAMPA NCATS,0.6655449271202087,2034.0,0.3549655850540806,,,cls,Absorption,PAMPA
0,GraphMVP,PAMPA NCATS,0.6671077609062195,2034.0,0.3549655850540806,,,cls,Absorption,PAMPA
0,GraphMVP,PAMPA NCATS,0.6766107082366943,2034.0,0.3549655850540806,,,cls,Absorption,PAMPA
0,GraphMVP,PAMPA NCATS,0.6852691769599915,2034.0,0.3549655850540806,,,cls,Absorption,PAMPA
0,GraphMVP,PAMPA NCATS,0.6815763711929321,2034.0,0.3549655850540806,,,cls,Absorption,PAMPA
0,GraphMVP,PAMPA NCATS,0.665305495262146,2034.0,0.3549655850540806,,,cls,Absorption,PAMPA
0,GraphMVP,PAMPA NCATS,0.6845508217811584,2034.0,0.3549655850540806,,,cls,Absorption,PAMPA
0,GraphMVP,PAMPA NCATS,0.6912810206413269,2034.0,0.3549655850540806,,,cls,Absorption,PAMPA
0,GraphMVP,PAMPA NCATS,0.6840341091156006,2034.0,0.3549655850540806,,,cls,Absorption,PAMPA
0,GraphMVP,PAMPA NCATS,0.6600499153137207,2034.0,0.3549655850540806,,,cls,Absorption,PAMPA
0,ChemBertMTR-77M,PAMPA NCATS,0.7471516132354736,2034.0,0.3549655850540806,,,cls,Absorption,PAMPA
0,ChemBertMTR-77M,PAMPA NCATS,0.7335400581359863,2034.0,0.3549655850540806,,,cls,Absorption,PAMPA
0,ChemBertMTR-77M,PAMPA NCATS,0.7396652102470398,2034.0,0.3549655850540806,,,cls,Absorption,PAMPA
0,ChemBertMTR-77M,PAMPA NCATS,0.7416439652442932,2034.0,0.3549655850540806,,,cls,Absorption,PAMPA
0,ChemBertMTR-77M,PAMPA NCATS,0.7240623235702515,2034.0,0.3549655850540806,,,cls,Absorption,PAMPA
0,ChemBertMTR-77M,PAMPA NCATS,0.738707423210144,2034.0,0.3549655850540806,,,cls,Absorption,PAMPA
0,ChemBertMTR-77M,PAMPA NCATS,0.75007563829422,2034.0,0.3549655850540806,,,cls,Absorption,PAMPA
0,ChemBertMTR-77M,PAMPA NCATS,0.7215668559074402,2034.0,0.3549655850540806,,,cls,Absorption,PAMPA
0,ChemBertMTR-77M,PAMPA NCATS,0.7512855529785156,2034.0,0.3549655850540806,,,cls,Absorption,PAMPA
0,ChemBertMTR-77M,PAMPA NCATS,0.7396904826164246,2034.0,0.3549655850540806,,,cls,Absorption,PAMPA
0,ChemBertMTR-77M,PAMPA NCATS,0.7296078205108643,2034.0,0.3549655850540806,,,cls,Absorption,PAMPA
0,ChemBertMTR-77M,PAMPA NCATS,0.7522686123847961,2034.0,0.3549655850540806,,,cls,Absorption,PAMPA
0,ChemBertMTR-77M,PAMPA NCATS,0.7295448184013367,2034.0,0.3549655850540806,,,cls,Absorption,PAMPA
0,ChemBertMTR-77M,PAMPA NCATS,0.7635864019393921,2034.0,0.3549655850540806,,,cls,Absorption,PAMPA
0,ChemBertMTR-77M,PAMPA NCATS,0.7566671967506409,2034.0,0.3549655850540806,,,cls,Absorption,PAMPA
0,ChemBertMTR-77M,PAMPA NCATS,0.7299984693527222,2034.0,0.3549655850540806,,,cls,Absorption,PAMPA
0,ChemBertMTR-77M,PAMPA NCATS,0.7256881594657898,2034.0,0.3549655850540806,,,cls,Absorption,PAMPA
0,ChemBertMTR-77M,PAMPA NCATS,0.7461875081062317,2034.0,0.3549655850540806,,,cls,Absorption,PAMPA
0,ChemBertMTR-77M,PAMPA NCATS,0.732506513595581,2034.0,0.3549655850540806,,,cls,Absorption,PAMPA
0,ChemBertMTR-77M,PAMPA NCATS,0.7308807373046875,2034.0,0.3549655850540806,,,cls,Absorption,PAMPA
0,ThreeDInfomax,PAMPA NCATS,0.7286877632141113,2034.0,0.3549655850540806,,,cls,Absorption,PAMPA
0,ThreeDInfomax,PAMPA NCATS,0.7431689500808716,2034.0,0.3549655850540806,,,cls,Absorption,PAMPA
0,ThreeDInfomax,PAMPA NCATS,0.7219324111938477,2034.0,0.3549655850540806,,,cls,Absorption,PAMPA
0,ThreeDInfomax,PAMPA NCATS,0.7498109340667725,2034.0,0.3549655850540806,,,cls,Absorption,PAMPA
0,ThreeDInfomax,PAMPA NCATS,0.7558857202529907,2034.0,0.3549655850540806,,,cls,Absorption,PAMPA
0,ThreeDInfomax,PAMPA NCATS,0.7359851002693176,2034.0,0.3549655850540806,,,cls,Absorption,PAMPA
0,ThreeDInfomax,PAMPA NCATS,0.7337794899940491,2034.0,0.3549655850540806,,,cls,Absorption,PAMPA
0,ThreeDInfomax,PAMPA NCATS,0.7742741107940674,2034.0,0.3549655850540806,,,cls,Absorption,PAMPA
0,ThreeDInfomax,PAMPA NCATS,0.7373336553573608,2034.0,0.3549655850540806,,,cls,Absorption,PAMPA
0,ThreeDInfomax,PAMPA NCATS,0.7365522384643555,2034.0,0.3549655850540806,,,cls,Absorption,PAMPA
0,ThreeDInfomax,PAMPA NCATS,0.7253730297088623,2034.0,0.3549655850540806,,,cls,Absorption,PAMPA
0,ThreeDInfomax,PAMPA NCATS,0.7308555245399475,2034.0,0.3549655850540806,,,cls,Absorption,PAMPA
0,ThreeDInfomax,PAMPA NCATS,0.7353800535202026,2034.0,0.3549655850540806,,,cls,Absorption,PAMPA
0,ThreeDInfomax,PAMPA NCATS,0.7387325763702393,2034.0,0.3549655850540806,,,cls,Absorption,PAMPA
0,ThreeDInfomax,PAMPA NCATS,0.7599944472312927,2034.0,0.3549655850540806,,,cls,Absorption,PAMPA
0,ThreeDInfomax,PAMPA NCATS,0.7364009618759155,2034.0,0.3549655850540806,,,cls,Absorption,PAMPA
0,ThreeDInfomax,PAMPA NCATS,0.7372580170631409,2034.0,0.3549655850540806,,,cls,Absorption,PAMPA
0,ThreeDInfomax,PAMPA NCATS,0.7654138803482056,2034.0,0.3549655850540806,,,cls,Absorption,PAMPA
0,ThreeDInfomax,PAMPA NCATS,0.7251713871955872,2034.0,0.3549655850540806,,,cls,Absorption,PAMPA
0,ThreeDInfomax,PAMPA NCATS,0.7338802814483643,2034.0,0.3549655850540806,,,cls,Absorption,PAMPA
0,MolR tag,PAMPA NCATS,0.6957930326461792,2034.0,0.3549655850540806,,,cls,Absorption,PAMPA
0,MolR tag,PAMPA NCATS,0.7024979591369629,2034.0,0.3549655850540806,,,cls,Absorption,PAMPA
0,MolR tag,PAMPA NCATS,0.6923900842666626,2034.0,0.3549655850540806,,,cls,Absorption,PAMPA
0,MolR tag,PAMPA NCATS,0.6956669092178345,2034.0,0.3549655850540806,,,cls,Absorption,PAMPA
0,MolR tag,PAMPA NCATS,0.7132360339164734,2034.0,0.3549655850540806,,,cls,Absorption,PAMPA
0,MolR tag,PAMPA NCATS,0.67782062292099,2034.0,0.3549655850540806,,,cls,Absorption,PAMPA
0,MolR tag,PAMPA NCATS,0.7110430598258972,2034.0,0.3549655850540806,,,cls,Absorption,PAMPA
0,MolR tag,PAMPA NCATS,0.7240749001502991,2034.0,0.3549655850540806,,,cls,Absorption,PAMPA
0,MolR tag,PAMPA NCATS,0.6918230056762695,2034.0,0.3549655850540806,,,cls,Absorption,PAMPA
0,MolR tag,PAMPA NCATS,0.7015779614448547,2034.0,0.3549655850540806,,,cls,Absorption,PAMPA
0,MolR tag,PAMPA NCATS,0.7015148997306824,2034.0,0.3549655850540806,,,cls,Absorption,PAMPA
0,MolR tag,PAMPA NCATS,0.7203569412231445,2034.0,0.3549655850540806,,,cls,Absorption,PAMPA
0,MolR tag,PAMPA NCATS,0.6983515024185181,2034.0,0.3549655850540806,,,cls,Absorption,PAMPA
0,MolR tag,PAMPA NCATS,0.6978599429130554,2034.0,0.3549655850540806,,,cls,Absorption,PAMPA
0,MolR tag,PAMPA NCATS,0.7013636231422424,2034.0,0.3549655850540806,,,cls,Absorption,PAMPA
0,MolR tag,PAMPA NCATS,0.7030525207519531,2034.0,0.3549655850540806,,,cls,Absorption,PAMPA
0,MolR tag,PAMPA NCATS,0.6917095184326172,2034.0,0.3549655850540806,,,cls,Absorption,PAMPA
0,MolR tag,PAMPA NCATS,0.7065436840057373,2034.0,0.3549655850540806,,,cls,Absorption,PAMPA
0,MolR tag,PAMPA NCATS,0.7031911611557007,2034.0,0.3549655850540806,,,cls,Absorption,PAMPA
0,MolR tag,PAMPA NCATS,0.7072368860244751,2034.0,0.3549655850540806,,,cls,Absorption,PAMPA
0,GraphMVP,HIA Hou,0.8590781092643738,578.0,0.3650519031141869,,,cls,Absorption,HIA
0,GraphMVP,HIA Hou,0.8826531171798706,578.0,0.3650519031141869,,,cls,Absorption,HIA
0,GraphMVP,HIA Hou,0.901829719543457,578.0,0.3650519031141869,,,cls,Absorption,HIA
0,GraphMVP,HIA Hou,0.8967276811599731,578.0,0.3650519031141869,,,cls,Absorption,HIA
0,GraphMVP,HIA Hou,0.8754399418830872,578.0,0.3650519031141869,,,cls,Absorption,HIA
0,GraphMVP,HIA Hou,0.8696340918540955,578.0,0.3650519031141869,,,cls,Absorption,HIA
0,GraphMVP,HIA Hou,0.8847642540931702,578.0,0.3650519031141869,,,cls,Absorption,HIA
0,GraphMVP,HIA Hou,0.8625968098640442,578.0,0.3650519031141869,,,cls,Absorption,HIA
0,GraphMVP,HIA Hou,0.8865236639976501,578.0,0.3650519031141869,,,cls,Absorption,HIA
0,GraphMVP,HIA Hou,0.9002463221549988,578.0,0.3650519031141869,,,cls,Absorption,HIA
0,GraphMVP,HIA Hou,0.9069317579269408,578.0,0.3650519031141869,,,cls,Absorption,HIA
0,GraphMVP,HIA Hou,0.9039409160614014,578.0,0.3650519031141869,,,cls,Absorption,HIA
0,GraphMVP,HIA Hou,0.9000703692436218,578.0,0.3650519031141869,,,cls,Absorption,HIA
0,GraphMVP,HIA Hou,0.871745228767395,578.0,0.3650519031141869,,,cls,Absorption,HIA
0,GraphMVP,HIA Hou,0.8738564848899841,578.0,0.3650519031141869,,,cls,Absorption,HIA
0,GraphMVP,HIA Hou,0.8720971345901489,578.0,0.3650519031141869,,,cls,Absorption,HIA
0,GraphMVP,HIA Hou,0.8775509595870972,578.0,0.3650519031141869,,,cls,Absorption,HIA
0,GraphMVP,HIA Hou,0.8981350660324097,578.0,0.3650519031141869,,,cls,Absorption,HIA
0,GraphMVP,HIA Hou,0.8951443433761597,578.0,0.3650519031141869,,,cls,Absorption,HIA
0,GraphMVP,HIA Hou,0.8898663520812988,578.0,0.3650519031141869,,,cls,Absorption,HIA
0,ChemBertMTR-77M,HIA Hou,0.9122097492218018,578.0,0.3650519031141869,,,cls,Absorption,HIA
0,ChemBertMTR-77M,HIA Hou,0.9028853178024292,578.0,0.3650519031141869,,,cls,Absorption,HIA
0,ChemBertMTR-77M,HIA Hou,0.9020056128501892,578.0,0.3650519031141869,,,cls,Absorption,HIA
0,ChemBertMTR-77M,HIA Hou,0.9144968390464784,578.0,0.3650519031141869,,,cls,Absorption,HIA
0,ChemBertMTR-77M,HIA Hou,0.9243490695953368,578.0,0.3650519031141869,,,cls,Absorption,HIA
0,ChemBertMTR-77M,HIA Hou,0.8969036340713501,578.0,0.3650519031141869,,,cls,Absorption,HIA
0,ChemBertMTR-77M,HIA Hou,0.8870514035224915,578.0,0.3650519031141869,,,cls,Absorption,HIA
0,ChemBertMTR-77M,HIA Hou,0.8821252584457397,578.0,0.3650519031141869,,,cls,Absorption,HIA
0,ChemBertMTR-77M,HIA Hou,0.9039409160614014,578.0,0.3650519031141869,,,cls,Absorption,HIA
0,ChemBertMTR-77M,HIA Hou,0.9282195568084716,578.0,0.3650519031141869,,,cls,Absorption,HIA
0,ChemBertMTR-77M,HIA Hou,0.91766357421875,578.0,0.3650519031141869,,,cls,Absorption,HIA
0,ChemBertMTR-77M,HIA Hou,0.9000704288482666,578.0,0.3650519031141869,,,cls,Absorption,HIA
0,ChemBertMTR-77M,HIA Hou,0.8847643136978149,578.0,0.3650519031141869,,,cls,Absorption,HIA
0,ChemBertMTR-77M,HIA Hou,0.917487621307373,578.0,0.3650519031141869,,,cls,Absorption,HIA
0,ChemBertMTR-77M,HIA Hou,0.8923293352127075,578.0,0.3650519031141869,,,cls,Absorption,HIA
0,ChemBertMTR-77M,HIA Hou,0.913089394569397,578.0,0.3650519031141869,,,cls,Absorption,HIA
0,ChemBertMTR-77M,HIA Hou,0.92417311668396,578.0,0.3650519031141869,,,cls,Absorption,HIA
0,ChemBertMTR-77M,HIA Hou,0.9247009754180908,578.0,0.3650519031141869,,,cls,Absorption,HIA
0,ChemBertMTR-77M,HIA Hou,0.9160802364349364,578.0,0.3650519031141869,,,cls,Absorption,HIA
0,ChemBertMTR-77M,HIA Hou,0.9104503989219666,578.0,0.3650519031141869,,,cls,Absorption,HIA
0,ThreeDInfomax,HIA Hou,0.9037649631500244,578.0,0.3650519031141869,,,cls,Absorption,HIA
0,ThreeDInfomax,HIA Hou,0.9046446084976196,578.0,0.3650519031141869,,,cls,Absorption,HIA
0,ThreeDInfomax,HIA Hou,0.8103448152542114,578.0,0.3650519031141869,,,cls,Absorption,HIA
0,ThreeDInfomax,HIA Hou,0.843420147895813,578.0,0.3650519031141869,,,cls,Absorption,HIA
0,ThreeDInfomax,HIA Hou,0.8346235156059265,578.0,0.3650519031141869,,,cls,Absorption,HIA
0,ThreeDInfomax,HIA Hou,0.9044686555862428,578.0,0.3650519031141869,,,cls,Absorption,HIA
0,ThreeDInfomax,HIA Hou,0.8777269721031189,578.0,0.3650519031141869,,,cls,Absorption,HIA
0,ThreeDInfomax,HIA Hou,0.9097466468811036,578.0,0.3650519031141869,,,cls,Absorption,HIA
0,ThreeDInfomax,HIA Hou,0.906579852104187,578.0,0.3650519031141869,,,cls,Absorption,HIA
0,ThreeDInfomax,HIA Hou,0.8511611819267273,578.0,0.3650519031141869,,,cls,Absorption,HIA
0,ThreeDInfomax,HIA Hou,0.8569669127464294,578.0,0.3650519031141869,,,cls,Absorption,HIA
0,ThreeDInfomax,HIA Hou,0.8668191432952881,578.0,0.3650519031141869,,,cls,Absorption,HIA
0,ThreeDInfomax,HIA Hou,0.8659394979476929,578.0,0.3650519031141869,,,cls,Absorption,HIA
0,ThreeDInfomax,HIA Hou,0.8654116988182068,578.0,0.3650519031141869,,,cls,Absorption,HIA
0,ThreeDInfomax,HIA Hou,0.7289761304855347,578.0,0.3650519031141869,,,cls,Absorption,HIA
0,ThreeDInfomax,HIA Hou,0.9093948006629944,578.0,0.3650519031141869,,,cls,Absorption,HIA
0,ThreeDInfomax,HIA Hou,0.9042927622795104,578.0,0.3650519031141869,,,cls,Absorption,HIA
0,ThreeDInfomax,HIA Hou,0.9150246381759644,578.0,0.3650519031141869,,,cls,Absorption,HIA
0,ThreeDInfomax,HIA Hou,0.8400774002075195,578.0,0.3650519031141869,,,cls,Absorption,HIA
0,ThreeDInfomax,HIA Hou,0.849049985408783,578.0,0.3650519031141869,,,cls,Absorption,HIA
0,MolR tag,HIA Hou,0.8713934421539307,578.0,0.3650519031141869,,,cls,Absorption,HIA
0,MolR tag,HIA Hou,0.8673468828201294,578.0,0.3650519031141869,,,cls,Absorption,HIA
0,MolR tag,HIA Hou,0.8877551555633545,578.0,0.3650519031141869,,,cls,Absorption,HIA
0,MolR tag,HIA Hou,0.8859958052635193,578.0,0.3650519031141869,,,cls,Absorption,HIA
0,MolR tag,HIA Hou,0.8889866471290588,578.0,0.3650519031141869,,,cls,Absorption,HIA
0,MolR tag,HIA Hou,0.8479943871498108,578.0,0.3650519031141869,,,cls,Absorption,HIA
0,MolR tag,HIA Hou,0.8691062927246094,578.0,0.3650519031141869,,,cls,Absorption,HIA
0,MolR tag,HIA Hou,0.8768472671508789,578.0,0.3650519031141869,,,cls,Absorption,HIA
0,MolR tag,HIA Hou,0.8842365145683289,578.0,0.3650519031141869,,,cls,Absorption,HIA
0,MolR tag,HIA Hou,0.8852920532226562,578.0,0.3650519031141869,,,cls,Absorption,HIA
0,MolR tag,HIA Hou,0.8698100447654724,578.0,0.3650519031141869,,,cls,Absorption,HIA
0,MolR tag,HIA Hou,0.8764954805374146,578.0,0.3650519031141869,,,cls,Absorption,HIA
0,MolR tag,HIA Hou,0.8743842244148254,578.0,0.3650519031141869,,,cls,Absorption,HIA
0,MolR tag,HIA Hou,0.8756157159805298,578.0,0.3650519031141869,,,cls,Absorption,HIA
0,MolR tag,HIA Hou,0.8761435747146606,578.0,0.3650519031141869,,,cls,Absorption,HIA
0,MolR tag,HIA Hou,0.8794862031936646,578.0,0.3650519031141869,,,cls,Absorption,HIA
0,MolR tag,HIA Hou,0.8777269721031189,578.0,0.3650519031141869,,,cls,Absorption,HIA
0,MolR tag,HIA Hou,0.8682266473770142,578.0,0.3650519031141869,,,cls,Absorption,HIA
0,MolR tag,HIA Hou,0.8536242246627808,578.0,0.3650519031141869,,,cls,Absorption,HIA
0,MolR tag,HIA Hou,0.8402533531188965,578.0,0.3650519031141869,,,cls,Absorption,HIA
0,GraphMVP,Pgp Broccatelli,0.886023759841919,1218.0,0.0336617405582923,,,cls,Absorption,Pgp
0,GraphMVP,Pgp Broccatelli,0.8603906035423279,1218.0,0.0336617405582923,,,cls,Absorption,Pgp
0,GraphMVP,Pgp Broccatelli,0.8704607486724854,1218.0,0.0336617405582923,,,cls,Absorption,Pgp
0,GraphMVP,Pgp Broccatelli,0.8816837668418884,1218.0,0.0336617405582923,,,cls,Absorption,Pgp
0,GraphMVP,Pgp Broccatelli,0.8785983324050903,1218.0,0.0336617405582923,,,cls,Absorption,Pgp
0,GraphMVP,Pgp Broccatelli,0.8794459104537964,1218.0,0.0336617405582923,,,cls,Absorption,Pgp
0,GraphMVP,Pgp Broccatelli,0.8867357969284058,1218.0,0.0336617405582923,,,cls,Absorption,Pgp
0,GraphMVP,Pgp Broccatelli,0.8754789233207703,1218.0,0.0336617405582923,,,cls,Absorption,Pgp
0,GraphMVP,Pgp Broccatelli,0.8812769651412964,1218.0,0.0336617405582923,,,cls,Absorption,Pgp
0,GraphMVP,Pgp Broccatelli,0.8743430376052856,1218.0,0.0336617405582923,,,cls,Absorption,Pgp
0,GraphMVP,Pgp Broccatelli,0.8830060958862305,1218.0,0.0336617405582923,,,cls,Absorption,Pgp
0,GraphMVP,Pgp Broccatelli,0.8778184056282043,1218.0,0.0336617405582923,,,cls,Absorption,Pgp
0,GraphMVP,Pgp Broccatelli,0.8805648684501648,1218.0,0.0336617405582923,,,cls,Absorption,Pgp
0,GraphMVP,Pgp Broccatelli,0.8843284845352173,1218.0,0.0336617405582923,,,cls,Absorption,Pgp
0,GraphMVP,Pgp Broccatelli,0.8788356781005859,1218.0,0.0336617405582923,,,cls,Absorption,Pgp
0,GraphMVP,Pgp Broccatelli,0.8831756711006165,1218.0,0.0336617405582923,,,cls,Absorption,Pgp
0,GraphMVP,Pgp Broccatelli,0.8725968599319458,1218.0,0.0336617405582923,,,cls,Absorption,Pgp
0,GraphMVP,Pgp Broccatelli,0.8784118294715881,1218.0,0.0336617405582923,,,cls,Absorption,Pgp
0,GraphMVP,Pgp Broccatelli,0.8774454593658447,1218.0,0.0336617405582923,,,cls,Absorption,Pgp
0,GraphMVP,Pgp Broccatelli,0.8814125061035156,1218.0,0.0336617405582923,,,cls,Absorption,Pgp
0,ChemBertMTR-77M,Pgp Broccatelli,0.9442240595817566,1218.0,0.0336617405582923,,,cls,Absorption,Pgp
0,ChemBertMTR-77M,Pgp Broccatelli,0.9420709609985352,1218.0,0.0336617405582923,,,cls,Absorption,Pgp
0,ChemBertMTR-77M,Pgp Broccatelli,0.9452072978019714,1218.0,0.0336617405582923,,,cls,Absorption,Pgp
0,ChemBertMTR-77M,Pgp Broccatelli,0.943851113319397,1218.0,0.0336617405582923,,,cls,Absorption,Pgp
0,ChemBertMTR-77M,Pgp Broccatelli,0.9434781074523926,1218.0,0.0336617405582923,,,cls,Absorption,Pgp
0,ChemBertMTR-77M,Pgp Broccatelli,0.9429525136947632,1218.0,0.0336617405582923,,,cls,Absorption,Pgp
0,ChemBertMTR-77M,Pgp Broccatelli,0.9465466141700744,1218.0,0.0336617405582923,,,cls,Absorption,Pgp
0,ChemBertMTR-77M,Pgp Broccatelli,0.945461630821228,1218.0,0.0336617405582923,,,cls,Absorption,Pgp
0,ChemBertMTR-77M,Pgp Broccatelli,0.944868266582489,1218.0,0.0336617405582923,,,cls,Absorption,Pgp
0,ChemBertMTR-77M,Pgp Broccatelli,0.947835087776184,1218.0,0.0336617405582923,,,cls,Absorption,Pgp
0,ChemBertMTR-77M,Pgp Broccatelli,0.9445970058441162,1218.0,0.0336617405582923,,,cls,Absorption,Pgp
0,ChemBertMTR-77M,Pgp Broccatelli,0.9443427324295044,1218.0,0.0336617405582923,,,cls,Absorption,Pgp
0,ChemBertMTR-77M,Pgp Broccatelli,0.9434442520141602,1218.0,0.0336617405582923,,,cls,Absorption,Pgp
0,ChemBertMTR-77M,Pgp Broccatelli,0.943071186542511,1218.0,0.0336617405582923,,,cls,Absorption,Pgp
0,ChemBertMTR-77M,Pgp Broccatelli,0.9410707354545592,1218.0,0.0336617405582923,,,cls,Absorption,Pgp
0,ChemBertMTR-77M,Pgp Broccatelli,0.9421896934509276,1218.0,0.0336617405582923,,,cls,Absorption,Pgp
0,ChemBertMTR-77M,Pgp Broccatelli,0.9417828321456908,1218.0,0.0336617405582923,,,cls,Absorption,Pgp
0,ChemBertMTR-77M,Pgp Broccatelli,0.938239574432373,1218.0,0.0336617405582923,,,cls,Absorption,Pgp
0,ChemBertMTR-77M,Pgp Broccatelli,0.9434102773666382,1218.0,0.0336617405582923,,,cls,Absorption,Pgp
0,ChemBertMTR-77M,Pgp Broccatelli,0.9463092684745787,1218.0,0.0336617405582923,,,cls,Absorption,Pgp
0,ThreeDInfomax,Pgp Broccatelli,0.9447157382965088,1218.0,0.0336617405582923,,,cls,Absorption,Pgp
0,ThreeDInfomax,Pgp Broccatelli,0.9461736679077148,1218.0,0.0336617405582923,,,cls,Absorption,Pgp
0,ThreeDInfomax,Pgp Broccatelli,0.938086986541748,1218.0,0.0336617405582923,,,cls,Absorption,Pgp
0,ThreeDInfomax,Pgp Broccatelli,0.9409351348876952,1218.0,0.0336617405582923,,,cls,Absorption,Pgp
0,ThreeDInfomax,Pgp Broccatelli,0.93956196308136,1218.0,0.0336617405582923,,,cls,Absorption,Pgp
0,ThreeDInfomax,Pgp Broccatelli,0.9443427324295044,1218.0,0.0336617405582923,,,cls,Absorption,Pgp
0,ThreeDInfomax,Pgp Broccatelli,0.9466992616653442,1218.0,0.0336617405582923,,,cls,Absorption,Pgp
0,ThreeDInfomax,Pgp Broccatelli,0.9436476230621338,1218.0,0.0336617405582923,,,cls,Absorption,Pgp
0,ThreeDInfomax,Pgp Broccatelli,0.9450377821922302,1218.0,0.0336617405582923,,,cls,Absorption,Pgp
0,ThreeDInfomax,Pgp Broccatelli,0.937663197517395,1218.0,0.0336617405582923,,,cls,Absorption,Pgp
0,ThreeDInfomax,Pgp Broccatelli,0.943935751914978,1218.0,0.0336617405582923,,,cls,Absorption,Pgp
0,ThreeDInfomax,Pgp Broccatelli,0.9356966018676758,1218.0,0.0336617405582923,,,cls,Absorption,Pgp
0,ThreeDInfomax,Pgp Broccatelli,0.9445461630821228,1218.0,0.0336617405582923,,,cls,Absorption,Pgp
0,ThreeDInfomax,Pgp Broccatelli,0.937934398651123,1218.0,0.0336617405582923,,,cls,Absorption,Pgp
0,ThreeDInfomax,Pgp Broccatelli,0.9437832832336426,1218.0,0.0336617405582923,,,cls,Absorption,Pgp
0,ThreeDInfomax,Pgp Broccatelli,0.9371376037597656,1218.0,0.0336617405582923,,,cls,Absorption,Pgp
0,ThreeDInfomax,Pgp Broccatelli,0.93264502286911,1218.0,0.0336617405582923,,,cls,Absorption,Pgp
0,ThreeDInfomax,Pgp Broccatelli,0.9422913789749146,1218.0,0.0336617405582923,,,cls,Absorption,Pgp
0,ThreeDInfomax,Pgp Broccatelli,0.9333062171936036,1218.0,0.0336617405582923,,,cls,Absorption,Pgp
0,ThreeDInfomax,Pgp Broccatelli,0.940714716911316,1218.0,0.0336617405582923,,,cls,Absorption,Pgp
0,MolR tag,Pgp Broccatelli,0.9301867485046388,1218.0,0.0336617405582923,,,cls,Absorption,Pgp
0,MolR tag,Pgp Broccatelli,0.9382904171943665,1218.0,0.0336617405582923,,,cls,Absorption,Pgp
0,MolR tag,Pgp Broccatelli,0.9349337220191956,1218.0,0.0336617405582923,,,cls,Absorption,Pgp
0,MolR tag,Pgp Broccatelli,0.9441392421722412,1218.0,0.0336617405582923,,,cls,Absorption,Pgp
0,MolR tag,Pgp Broccatelli,0.9368324279785156,1218.0,0.0336617405582923,,,cls,Absorption,Pgp
0,MolR tag,Pgp Broccatelli,0.9356118440628052,1218.0,0.0336617405582923,,,cls,Absorption,Pgp
0,MolR tag,Pgp Broccatelli,0.927898108959198,1218.0,0.0336617405582923,,,cls,Absorption,Pgp
0,MolR tag,Pgp Broccatelli,0.9396975040435792,1218.0,0.0336617405582923,,,cls,Absorption,Pgp
0,MolR tag,Pgp Broccatelli,0.9317973852157592,1218.0,0.0336617405582923,,,cls,Absorption,Pgp
0,MolR tag,Pgp Broccatelli,0.935137152671814,1218.0,0.0336617405582923,,,cls,Absorption,Pgp
0,MolR tag,Pgp Broccatelli,0.9356627464294434,1218.0,0.0336617405582923,,,cls,Absorption,Pgp
0,MolR tag,Pgp Broccatelli,0.9339843392372132,1218.0,0.0336617405582923,,,cls,Absorption,Pgp
0,MolR tag,Pgp Broccatelli,0.9360356330871582,1218.0,0.0336617405582923,,,cls,Absorption,Pgp
0,MolR tag,Pgp Broccatelli,0.9340182542800904,1218.0,0.0336617405582923,,,cls,Absorption,Pgp
0,MolR tag,Pgp Broccatelli,0.934526801109314,1218.0,0.0336617405582923,,,cls,Absorption,Pgp
0,MolR tag,Pgp Broccatelli,0.938086986541748,1218.0,0.0336617405582923,,,cls,Absorption,Pgp
0,MolR tag,Pgp Broccatelli,0.9397484064102172,1218.0,0.0336617405582923,,,cls,Absorption,Pgp
0,MolR tag,Pgp Broccatelli,0.9337639808654784,1218.0,0.0336617405582923,,,cls,Absorption,Pgp
0,MolR tag,Pgp Broccatelli,0.9384769201278688,1218.0,0.0336617405582923,,,cls,Absorption,Pgp
0,MolR tag,Pgp Broccatelli,0.9310853481292723,1218.0,0.0336617405582923,,,cls,Absorption,Pgp
0,GraphMVP,Bioavailability Ma,0.5918660759925842,640.0,0.26875,,,cls,Absorption,Bioavailability
0,GraphMVP,Bioavailability Ma,0.5806220173835754,640.0,0.26875,,,cls,Absorption,Bioavailability
0,GraphMVP,Bioavailability Ma,0.6317384243011475,640.0,0.26875,,,cls,Absorption,Bioavailability
0,GraphMVP,Bioavailability Ma,0.599043071269989,640.0,0.26875,,,cls,Absorption,Bioavailability
0,GraphMVP,Bioavailability Ma,0.5487240552902222,640.0,0.26875,,,cls,Absorption,Bioavailability
0,GraphMVP,Bioavailability Ma,0.547926664352417,640.0,0.26875,,,cls,Absorption,Bioavailability
0,GraphMVP,Bioavailability Ma,0.6031898260116577,640.0,0.26875,,,cls,Absorption,Bioavailability
0,GraphMVP,Bioavailability Ma,0.6235247254371643,640.0,0.26875,,,cls,Absorption,Bioavailability
0,GraphMVP,Bioavailability Ma,0.6481658816337585,640.0,0.26875,,,cls,Absorption,Bioavailability
0,GraphMVP,Bioavailability Ma,0.6612440347671509,640.0,0.26875,,,cls,Absorption,Bioavailability
0,GraphMVP,Bioavailability Ma,0.6429824829101562,640.0,0.26875,,,cls,Absorption,Bioavailability
0,GraphMVP,Bioavailability Ma,0.5474481582641602,640.0,0.26875,,,cls,Absorption,Bioavailability
0,GraphMVP,Bioavailability Ma,0.6581339836120605,640.0,0.26875,,,cls,Absorption,Bioavailability
0,GraphMVP,Bioavailability Ma,0.670095682144165,640.0,0.26875,,,cls,Absorption,Bioavailability
0,GraphMVP,Bioavailability Ma,0.6228867173194885,640.0,0.26875,,,cls,Absorption,Bioavailability
0,GraphMVP,Bioavailability Ma,0.5303030610084534,640.0,0.26875,,,cls,Absorption,Bioavailability
0,GraphMVP,Bioavailability Ma,0.6291866302490234,640.0,0.26875,,,cls,Absorption,Bioavailability
0,GraphMVP,Bioavailability Ma,0.5135565996170044,640.0,0.26875,,,cls,Absorption,Bioavailability
0,GraphMVP,Bioavailability Ma,0.6888357400894165,640.0,0.26875,,,cls,Absorption,Bioavailability
0,GraphMVP,Bioavailability Ma,0.6649122834205627,640.0,0.26875,,,cls,Absorption,Bioavailability
0,ChemBertMTR-77M,Bioavailability Ma,0.7235247492790222,640.0,0.26875,,,cls,Absorption,Bioavailability
0,ChemBertMTR-77M,Bioavailability Ma,0.6311004161834717,640.0,0.26875,,,cls,Absorption,Bioavailability
0,ChemBertMTR-77M,Bioavailability Ma,0.7116427421569824,640.0,0.26875,,,cls,Absorption,Bioavailability
0,ChemBertMTR-77M,Bioavailability Ma,0.6470494270324707,640.0,0.26875,,,cls,Absorption,Bioavailability
0,ChemBertMTR-77M,Bioavailability Ma,0.6005582213401794,640.0,0.26875,,,cls,Absorption,Bioavailability
0,ChemBertMTR-77M,Bioavailability Ma,0.5918660163879395,640.0,0.26875,,,cls,Absorption,Bioavailability
0,ChemBertMTR-77M,Bioavailability Ma,0.5295056104660034,640.0,0.26875,,,cls,Absorption,Bioavailability
0,ChemBertMTR-77M,Bioavailability Ma,0.7000797390937805,640.0,0.26875,,,cls,Absorption,Bioavailability
0,ChemBertMTR-77M,Bioavailability Ma,0.6816586852073669,640.0,0.26875,,,cls,Absorption,Bioavailability
0,ChemBertMTR-77M,Bioavailability Ma,0.5275119543075562,640.0,0.26875,,,cls,Absorption,Bioavailability
0,ChemBertMTR-77M,Bioavailability Ma,0.6761562824249268,640.0,0.26875,,,cls,Absorption,Bioavailability
0,ChemBertMTR-77M,Bioavailability Ma,0.6732057332992554,640.0,0.26875,,,cls,Absorption,Bioavailability
0,ChemBertMTR-77M,Bioavailability Ma,0.6329345703125,640.0,0.26875,,,cls,Absorption,Bioavailability
0,ChemBertMTR-77M,Bioavailability Ma,0.658851683139801,640.0,0.26875,,,cls,Absorption,Bioavailability
0,ChemBertMTR-77M,Bioavailability Ma,0.4685805439949035,640.0,0.26875,,,cls,Absorption,Bioavailability
0,ChemBertMTR-77M,Bioavailability Ma,0.5244816541671753,640.0,0.26875,,,cls,Absorption,Bioavailability
0,ChemBertMTR-77M,Bioavailability Ma,0.6446570754051208,640.0,0.26875,,,cls,Absorption,Bioavailability
0,ChemBertMTR-77M,Bioavailability Ma,0.6037480235099792,640.0,0.26875,,,cls,Absorption,Bioavailability
0,ChemBertMTR-77M,Bioavailability Ma,0.547767162322998,640.0,0.26875,,,cls,Absorption,Bioavailability
0,ChemBertMTR-77M,Bioavailability Ma,0.6472089290618896,640.0,0.26875,,,cls,Absorption,Bioavailability
0,ThreeDInfomax,Bioavailability Ma,0.5856459140777588,640.0,0.26875,,,cls,Absorption,Bioavailability
0,ThreeDInfomax,Bioavailability Ma,0.6315391063690186,640.0,0.26875,,,cls,Absorption,Bioavailability
0,ThreeDInfomax,Bioavailability Ma,0.6124402284622192,640.0,0.26875,,,cls,Absorption,Bioavailability
0,ThreeDInfomax,Bioavailability Ma,0.6511961817741394,640.0,0.26875,,,cls,Absorption,Bioavailability
0,ThreeDInfomax,Bioavailability Ma,0.6087719202041626,640.0,0.26875,,,cls,Absorption,Bioavailability
0,ThreeDInfomax,Bioavailability Ma,0.5960925221443176,640.0,0.26875,,,cls,Absorption,Bioavailability
0,ThreeDInfomax,Bioavailability Ma,0.5813397169113159,640.0,0.26875,,,cls,Absorption,Bioavailability
0,ThreeDInfomax,Bioavailability Ma,0.5844497680664062,640.0,0.26875,,,cls,Absorption,Bioavailability
0,ThreeDInfomax,Bioavailability Ma,0.5902711749076843,640.0,0.26875,,,cls,Absorption,Bioavailability
0,ThreeDInfomax,Bioavailability Ma,0.5811004638671875,640.0,0.26875,,,cls,Absorption,Bioavailability
0,ThreeDInfomax,Bioavailability Ma,0.6194577217102051,640.0,0.26875,,,cls,Absorption,Bioavailability
0,ThreeDInfomax,Bioavailability Ma,0.672169029712677,640.0,0.26875,,,cls,Absorption,Bioavailability
0,ThreeDInfomax,Bioavailability Ma,0.6136363744735718,640.0,0.26875,,,cls,Absorption,Bioavailability
0,ThreeDInfomax,Bioavailability Ma,0.6060605645179749,640.0,0.26875,,,cls,Absorption,Bioavailability
0,ThreeDInfomax,Bioavailability Ma,0.5694577693939209,640.0,0.26875,,,cls,Absorption,Bioavailability
0,ThreeDInfomax,Bioavailability Ma,0.5736044645309448,640.0,0.26875,,,cls,Absorption,Bioavailability
0,ThreeDInfomax,Bioavailability Ma,0.6405103206634521,640.0,0.26875,,,cls,Absorption,Bioavailability
0,ThreeDInfomax,Bioavailability Ma,0.6241626739501953,640.0,0.26875,,,cls,Absorption,Bioavailability
0,ThreeDInfomax,Bioavailability Ma,0.6149122714996338,640.0,0.26875,,,cls,Absorption,Bioavailability
0,ThreeDInfomax,Bioavailability Ma,0.611084520816803,640.0,0.26875,,,cls,Absorption,Bioavailability
0,MolR tag,Bioavailability Ma,0.6761562824249268,640.0,0.26875,,,cls,Absorption,Bioavailability
0,MolR tag,Bioavailability Ma,0.6667463779449463,640.0,0.26875,,,cls,Absorption,Bioavailability
0,MolR tag,Bioavailability Ma,0.6862838864326477,640.0,0.26875,,,cls,Absorption,Bioavailability
0,MolR tag,Bioavailability Ma,0.690191388130188,640.0,0.26875,,,cls,Absorption,Bioavailability
0,MolR tag,Bioavailability Ma,0.6385167241096497,640.0,0.26875,,,cls,Absorption,Bioavailability
0,MolR tag,Bioavailability Ma,0.622169017791748,640.0,0.26875,,,cls,Absorption,Bioavailability
0,MolR tag,Bioavailability Ma,0.6260765790939331,640.0,0.26875,,,cls,Absorption,Bioavailability
0,MolR tag,Bioavailability Ma,0.6631180047988892,640.0,0.26875,,,cls,Absorption,Bioavailability
0,MolR tag,Bioavailability Ma,0.654306173324585,640.0,0.26875,,,cls,Absorption,Bioavailability
0,MolR tag,Bioavailability Ma,0.648245632648468,640.0,0.26875,,,cls,Absorption,Bioavailability
0,MolR tag,Bioavailability Ma,0.693540632724762,640.0,0.26875,,,cls,Absorption,Bioavailability
0,MolR tag,Bioavailability Ma,0.6700159311294556,640.0,0.26875,,,cls,Absorption,Bioavailability
0,MolR tag,Bioavailability Ma,0.602232813835144,640.0,0.26875,,,cls,Absorption,Bioavailability
0,MolR tag,Bioavailability Ma,0.6344497203826904,640.0,0.26875,,,cls,Absorption,Bioavailability
0,MolR tag,Bioavailability Ma,0.6478468775749207,640.0,0.26875,,,cls,Absorption,Bioavailability
0,MolR tag,Bioavailability Ma,0.5771132111549377,640.0,0.26875,,,cls,Absorption,Bioavailability
0,MolR tag,Bioavailability Ma,0.6850876808166504,640.0,0.26875,,,cls,Absorption,Bioavailability
0,MolR tag,Bioavailability Ma,0.6461722254753113,640.0,0.26875,,,cls,Absorption,Bioavailability
0,MolR tag,Bioavailability Ma,0.6496012806892395,640.0,0.26875,,,cls,Absorption,Bioavailability
0,MolR tag,Bioavailability Ma,0.6243221759796143,640.0,0.26875,,,cls,Absorption,Bioavailability
0,GraphMVP,BBB Martins,0.8850213885307312,2030.0,0.264039408866995,,,cls,Distribution,BBB
0,GraphMVP,BBB Martins,0.8786912560462952,2030.0,0.264039408866995,,,cls,Distribution,BBB
0,GraphMVP,BBB Martins,0.8834551572799683,2030.0,0.264039408866995,,,cls,Distribution,BBB
0,GraphMVP,BBB Martins,0.8888838291168213,2030.0,0.264039408866995,,,cls,Distribution,BBB
0,GraphMVP,BBB Martins,0.8816473484039307,2030.0,0.264039408866995,,,cls,Distribution,BBB
0,GraphMVP,BBB Martins,0.8757201433181763,2030.0,0.264039408866995,,,cls,Distribution,BBB
0,GraphMVP,BBB Martins,0.8820048570632935,2030.0,0.264039408866995,,,cls,Distribution,BBB
0,GraphMVP,BBB Martins,0.8747835159301758,2030.0,0.264039408866995,,,cls,Distribution,BBB
0,GraphMVP,BBB Martins,0.8779913187026978,2030.0,0.264039408866995,,,cls,Distribution,BBB
0,GraphMVP,BBB Martins,0.8796329498291016,2030.0,0.264039408866995,,,cls,Distribution,BBB
0,GraphMVP,BBB Martins,0.8825286030769348,2030.0,0.264039408866995,,,cls,Distribution,BBB
0,GraphMVP,BBB Martins,0.8813804388046265,2030.0,0.264039408866995,,,cls,Distribution,BBB
0,GraphMVP,BBB Martins,0.8809674382209778,2030.0,0.264039408866995,,,cls,Distribution,BBB
0,GraphMVP,BBB Martins,0.8805847764015198,2030.0,0.264039408866995,,,cls,Distribution,BBB
0,GraphMVP,BBB Martins,0.8774927854537964,2030.0,0.264039408866995,,,cls,Distribution,BBB
0,GraphMVP,BBB Martins,0.880635142326355,2030.0,0.264039408866995,,,cls,Distribution,BBB
0,GraphMVP,BBB Martins,0.8779459595680237,2030.0,0.264039408866995,,,cls,Distribution,BBB
0,GraphMVP,BBB Martins,0.8822919130325317,2030.0,0.264039408866995,,,cls,Distribution,BBB
0,GraphMVP,BBB Martins,0.8849306702613831,2030.0,0.264039408866995,,,cls,Distribution,BBB
0,GraphMVP,BBB Martins,0.8790035247802734,2030.0,0.264039408866995,,,cls,Distribution,BBB
0,ChemBertMTR-77M,BBB Martins,0.9229564666748048,2030.0,0.264039408866995,,,cls,Distribution,BBB
0,ChemBertMTR-77M,BBB Martins,0.9225032329559326,2030.0,0.264039408866995,,,cls,Distribution,BBB
0,ChemBertMTR-77M,BBB Martins,0.9169235229492188,2030.0,0.264039408866995,,,cls,Distribution,BBB
0,ChemBertMTR-77M,BBB Martins,0.9209924936294556,2030.0,0.264039408866995,,,cls,Distribution,BBB
0,ChemBertMTR-77M,BBB Martins,0.9227650761604308,2030.0,0.264039408866995,,,cls,Distribution,BBB
0,ChemBertMTR-77M,BBB Martins,0.9317188262939452,2030.0,0.264039408866995,,,cls,Distribution,BBB
0,ChemBertMTR-77M,BBB Martins,0.926904559135437,2030.0,0.264039408866995,,,cls,Distribution,BBB
0,ChemBertMTR-77M,BBB Martins,0.9138818383216858,2030.0,0.264039408866995,,,cls,Distribution,BBB
0,ChemBertMTR-77M,BBB Martins,0.9175479412078856,2030.0,0.264039408866995,,,cls,Distribution,BBB
0,ChemBertMTR-77M,BBB Martins,0.9193507432937622,2030.0,0.264039408866995,,,cls,Distribution,BBB
0,ChemBertMTR-77M,BBB Martins,0.9169788360595704,2030.0,0.264039408866995,,,cls,Distribution,BBB
0,ChemBertMTR-77M,BBB Martins,0.9178198575973512,2030.0,0.264039408866995,,,cls,Distribution,BBB
0,ChemBertMTR-77M,BBB Martins,0.9204285144805908,2030.0,0.264039408866995,,,cls,Distribution,BBB
0,ChemBertMTR-77M,BBB Martins,0.9236916899681092,2030.0,0.264039408866995,,,cls,Distribution,BBB
0,ChemBertMTR-77M,BBB Martins,0.922558605670929,2030.0,0.264039408866995,,,cls,Distribution,BBB
0,ChemBertMTR-77M,BBB Martins,0.9143753051757812,2030.0,0.264039408866995,,,cls,Distribution,BBB
0,ChemBertMTR-77M,BBB Martins,0.919320583343506,2030.0,0.264039408866995,,,cls,Distribution,BBB
0,ChemBertMTR-77M,BBB Martins,0.9162335395812988,2030.0,0.264039408866995,,,cls,Distribution,BBB
0,ChemBertMTR-77M,BBB Martins,0.9239132404327391,2030.0,0.264039408866995,,,cls,Distribution,BBB
0,ChemBertMTR-77M,BBB Martins,0.9242405295372008,2030.0,0.264039408866995,,,cls,Distribution,BBB
0,ThreeDInfomax,BBB Martins,0.8973591923713684,2030.0,0.264039408866995,,,cls,Distribution,BBB
0,ThreeDInfomax,BBB Martins,0.9077280163764954,2030.0,0.264039408866995,,,cls,Distribution,BBB
0,ThreeDInfomax,BBB Martins,0.894005298614502,2030.0,0.264039408866995,,,cls,Distribution,BBB
0,ThreeDInfomax,BBB Martins,0.9031151533126832,2030.0,0.264039408866995,,,cls,Distribution,BBB
0,ThreeDInfomax,BBB Martins,0.90324604511261,2030.0,0.264039408866995,,,cls,Distribution,BBB
0,ThreeDInfomax,BBB Martins,0.9103819131851196,2030.0,0.264039408866995,,,cls,Distribution,BBB
0,ThreeDInfomax,BBB Martins,0.9075164794921876,2030.0,0.264039408866995,,,cls,Distribution,BBB
0,ThreeDInfomax,BBB Martins,0.8995749950408936,2030.0,0.264039408866995,,,cls,Distribution,BBB
0,ThreeDInfomax,BBB Martins,0.9004058837890625,2030.0,0.264039408866995,,,cls,Distribution,BBB
0,ThreeDInfomax,BBB Martins,0.9072344899177552,2030.0,0.264039408866995,,,cls,Distribution,BBB
0,ThreeDInfomax,BBB Martins,0.9009749293327332,2030.0,0.264039408866995,,,cls,Distribution,BBB
0,ThreeDInfomax,BBB Martins,0.9034576416015624,2030.0,0.264039408866995,,,cls,Distribution,BBB
0,ThreeDInfomax,BBB Martins,0.8888888359069824,2030.0,0.264039408866995,,,cls,Distribution,BBB
0,ThreeDInfomax,BBB Martins,0.9052855968475342,2030.0,0.264039408866995,,,cls,Distribution,BBB
0,ThreeDInfomax,BBB Martins,0.9088812470436096,2030.0,0.264039408866995,,,cls,Distribution,BBB
0,ThreeDInfomax,BBB Martins,0.9073654413223268,2030.0,0.264039408866995,,,cls,Distribution,BBB
0,ThreeDInfomax,BBB Martins,0.915639340877533,2030.0,0.264039408866995,,,cls,Distribution,BBB
0,ThreeDInfomax,BBB Martins,0.900501549243927,2030.0,0.264039408866995,,,cls,Distribution,BBB
0,ThreeDInfomax,BBB Martins,0.8953851461410522,2030.0,0.264039408866995,,,cls,Distribution,BBB
0,ThreeDInfomax,BBB Martins,0.9062424898147584,2030.0,0.264039408866995,,,cls,Distribution,BBB
0,MolR tag,BBB Martins,0.8761632442474365,2030.0,0.264039408866995,,,cls,Distribution,BBB
0,MolR tag,BBB Martins,0.8762035965919495,2030.0,0.264039408866995,,,cls,Distribution,BBB
0,MolR tag,BBB Martins,0.8869953751564026,2030.0,0.264039408866995,,,cls,Distribution,BBB
0,MolR tag,BBB Martins,0.8711073398590088,2030.0,0.264039408866995,,,cls,Distribution,BBB
0,MolR tag,BBB Martins,0.886929988861084,2030.0,0.264039408866995,,,cls,Distribution,BBB
0,MolR tag,BBB Martins,0.873942494392395,2030.0,0.264039408866995,,,cls,Distribution,BBB
0,MolR tag,BBB Martins,0.8844925761222839,2030.0,0.264039408866995,,,cls,Distribution,BBB
0,MolR tag,BBB Martins,0.8752769231796265,2030.0,0.264039408866995,,,cls,Distribution,BBB
0,MolR tag,BBB Martins,0.8842407464981079,2030.0,0.264039408866995,,,cls,Distribution,BBB
0,MolR tag,BBB Martins,0.8801566958427429,2030.0,0.264039408866995,,,cls,Distribution,BBB
0,MolR tag,BBB Martins,0.8959441184997559,2030.0,0.264039408866995,,,cls,Distribution,BBB
0,MolR tag,BBB Martins,0.8638002872467041,2030.0,0.264039408866995,,,cls,Distribution,BBB
0,MolR tag,BBB Martins,0.8926405906677246,2030.0,0.264039408866995,,,cls,Distribution,BBB
0,MolR tag,BBB Martins,0.8691533803939819,2030.0,0.264039408866995,,,cls,Distribution,BBB
0,MolR tag,BBB Martins,0.8888285160064697,2030.0,0.264039408866995,,,cls,Distribution,BBB
0,MolR tag,BBB Martins,0.8702511787414551,2030.0,0.264039408866995,,,cls,Distribution,BBB
0,MolR tag,BBB Martins,0.8792250752449036,2030.0,0.264039408866995,,,cls,Distribution,BBB
0,MolR tag,BBB Martins,0.8728698492050171,2030.0,0.264039408866995,,,cls,Distribution,BBB
0,MolR tag,BBB Martins,0.8851573467254639,2030.0,0.264039408866995,,,cls,Distribution,BBB
0,MolR tag,BBB Martins,0.876958966255188,2030.0,0.264039408866995,,,cls,Distribution,BBB
0,GraphMVP,CYP2C9 Veith,0.854682445526123,12092.0,0.1654813099569963,,,cls,Metabolism,CYP2C9
0,GraphMVP,CYP2C9 Veith,0.8567034006118774,12092.0,0.1654813099569963,,,cls,Metabolism,CYP2C9
0,GraphMVP,CYP2C9 Veith,0.8535939455032349,12092.0,0.1654813099569963,,,cls,Metabolism,CYP2C9
0,GraphMVP,CYP2C9 Veith,0.855287492275238,12092.0,0.1654813099569963,,,cls,Metabolism,CYP2C9
0,GraphMVP,CYP2C9 Veith,0.8575414419174194,12092.0,0.1654813099569963,,,cls,Metabolism,CYP2C9
0,GraphMVP,CYP2C9 Veith,0.8550291061401367,12092.0,0.1654813099569963,,,cls,Metabolism,CYP2C9
0,GraphMVP,CYP2C9 Veith,0.858955979347229,12092.0,0.1654813099569963,,,cls,Metabolism,CYP2C9
0,GraphMVP,CYP2C9 Veith,0.8542559742927551,12092.0,0.1654813099569963,,,cls,Metabolism,CYP2C9
0,GraphMVP,CYP2C9 Veith,0.8556532859802246,12092.0,0.1654813099569963,,,cls,Metabolism,CYP2C9
0,GraphMVP,CYP2C9 Veith,0.8574360609054565,12092.0,0.1654813099569963,,,cls,Metabolism,CYP2C9
0,GraphMVP,CYP2C9 Veith,0.8574281930923462,12092.0,0.1654813099569963,,,cls,Metabolism,CYP2C9
0,GraphMVP,CYP2C9 Veith,0.8561528325080872,12092.0,0.1654813099569963,,,cls,Metabolism,CYP2C9
0,GraphMVP,CYP2C9 Veith,0.8539637327194214,12092.0,0.1654813099569963,,,cls,Metabolism,CYP2C9
0,GraphMVP,CYP2C9 Veith,0.8566191792488098,12092.0,0.1654813099569963,,,cls,Metabolism,CYP2C9
0,GraphMVP,CYP2C9 Veith,0.8581165671348572,12092.0,0.1654813099569963,,,cls,Metabolism,CYP2C9
0,GraphMVP,CYP2C9 Veith,0.8557041883468628,12092.0,0.1654813099569963,,,cls,Metabolism,CYP2C9
0,GraphMVP,CYP2C9 Veith,0.8569650650024414,12092.0,0.1654813099569963,,,cls,Metabolism,CYP2C9
0,GraphMVP,CYP2C9 Veith,0.8567290306091309,12092.0,0.1654813099569963,,,cls,Metabolism,CYP2C9
0,GraphMVP,CYP2C9 Veith,0.8569390773773193,12092.0,0.1654813099569963,,,cls,Metabolism,CYP2C9
0,GraphMVP,CYP2C9 Veith,0.8556022047996521,12092.0,0.1654813099569963,,,cls,Metabolism,CYP2C9
0,ChemBertMTR-77M,CYP2C9 Veith,0.8919954299926758,12092.0,0.1654813099569963,,,cls,Metabolism,CYP2C9
0,ChemBertMTR-77M,CYP2C9 Veith,0.8917390704154968,12092.0,0.1654813099569963,,,cls,Metabolism,CYP2C9
0,ChemBertMTR-77M,CYP2C9 Veith,0.8944302201271057,12092.0,0.1654813099569963,,,cls,Metabolism,CYP2C9
0,ChemBertMTR-77M,CYP2C9 Veith,0.8918983340263367,12092.0,0.1654813099569963,,,cls,Metabolism,CYP2C9
0,ChemBertMTR-77M,CYP2C9 Veith,0.8923048973083496,12092.0,0.1654813099569963,,,cls,Metabolism,CYP2C9
0,ChemBertMTR-77M,CYP2C9 Veith,0.8892449140548706,12092.0,0.1654813099569963,,,cls,Metabolism,CYP2C9
0,ChemBertMTR-77M,CYP2C9 Veith,0.8904663324356079,12092.0,0.1654813099569963,,,cls,Metabolism,CYP2C9
0,ChemBertMTR-77M,CYP2C9 Veith,0.8910924196243286,12092.0,0.1654813099569963,,,cls,Metabolism,CYP2C9
0,ChemBertMTR-77M,CYP2C9 Veith,0.8897873163223267,12092.0,0.1654813099569963,,,cls,Metabolism,CYP2C9
0,ChemBertMTR-77M,CYP2C9 Veith,0.8921369314193726,12092.0,0.1654813099569963,,,cls,Metabolism,CYP2C9
0,ChemBertMTR-77M,CYP2C9 Veith,0.890673041343689,12092.0,0.1654813099569963,,,cls,Metabolism,CYP2C9
0,ChemBertMTR-77M,CYP2C9 Veith,0.8905785083770752,12092.0,0.1654813099569963,,,cls,Metabolism,CYP2C9
0,ChemBertMTR-77M,CYP2C9 Veith,0.8931210041046143,12092.0,0.1654813099569963,,,cls,Metabolism,CYP2C9
0,ChemBertMTR-77M,CYP2C9 Veith,0.8938068747520447,12092.0,0.1654813099569963,,,cls,Metabolism,CYP2C9
0,ChemBertMTR-77M,CYP2C9 Veith,0.8901121020317078,12092.0,0.1654813099569963,,,cls,Metabolism,CYP2C9
0,ChemBertMTR-77M,CYP2C9 Veith,0.8911392092704773,12092.0,0.1654813099569963,,,cls,Metabolism,CYP2C9
0,ChemBertMTR-77M,CYP2C9 Veith,0.8927278518676758,12092.0,0.1654813099569963,,,cls,Metabolism,CYP2C9
0,ChemBertMTR-77M,CYP2C9 Veith,0.8897936940193176,12092.0,0.1654813099569963,,,cls,Metabolism,CYP2C9
0,ChemBertMTR-77M,CYP2C9 Veith,0.8938186168670654,12092.0,0.1654813099569963,,,cls,Metabolism,CYP2C9
0,ChemBertMTR-77M,CYP2C9 Veith,0.8927520513534546,12092.0,0.1654813099569963,,,cls,Metabolism,CYP2C9
0,ThreeDInfomax,CYP2C9 Veith,0.8759029507637024,12092.0,0.1654813099569963,,,cls,Metabolism,CYP2C9
0,ThreeDInfomax,CYP2C9 Veith,0.8758151531219482,12092.0,0.1654813099569963,,,cls,Metabolism,CYP2C9
0,ThreeDInfomax,CYP2C9 Veith,0.8741518259048462,12092.0,0.1654813099569963,,,cls,Metabolism,CYP2C9
0,ThreeDInfomax,CYP2C9 Veith,0.8764001131057739,12092.0,0.1654813099569963,,,cls,Metabolism,CYP2C9
0,ThreeDInfomax,CYP2C9 Veith,0.8742612600326538,12092.0,0.1654813099569963,,,cls,Metabolism,CYP2C9
0,ThreeDInfomax,CYP2C9 Veith,0.8773305416107178,12092.0,0.1654813099569963,,,cls,Metabolism,CYP2C9
0,ThreeDInfomax,CYP2C9 Veith,0.8775041103363037,12092.0,0.1654813099569963,,,cls,Metabolism,CYP2C9
0,ThreeDInfomax,CYP2C9 Veith,0.8756827116012573,12092.0,0.1654813099569963,,,cls,Metabolism,CYP2C9
0,ThreeDInfomax,CYP2C9 Veith,0.8750324845314026,12092.0,0.1654813099569963,,,cls,Metabolism,CYP2C9
0,ThreeDInfomax,CYP2C9 Veith,0.8746223449707031,12092.0,0.1654813099569963,,,cls,Metabolism,CYP2C9
0,ThreeDInfomax,CYP2C9 Veith,0.8731317520141602,12092.0,0.1654813099569963,,,cls,Metabolism,CYP2C9
0,ThreeDInfomax,CYP2C9 Veith,0.8748863339424133,12092.0,0.1654813099569963,,,cls,Metabolism,CYP2C9
0,ThreeDInfomax,CYP2C9 Veith,0.8746552467346191,12092.0,0.1654813099569963,,,cls,Metabolism,CYP2C9
0,ThreeDInfomax,CYP2C9 Veith,0.8726171255111694,12092.0,0.1654813099569963,,,cls,Metabolism,CYP2C9
0,ThreeDInfomax,CYP2C9 Veith,0.8741865754127502,12092.0,0.1654813099569963,,,cls,Metabolism,CYP2C9
0,ThreeDInfomax,CYP2C9 Veith,0.8743520975112915,12092.0,0.1654813099569963,,,cls,Metabolism,CYP2C9
0,ThreeDInfomax,CYP2C9 Veith,0.8753498196601868,12092.0,0.1654813099569963,,,cls,Metabolism,CYP2C9
0,ThreeDInfomax,CYP2C9 Veith,0.8775287866592407,12092.0,0.1654813099569963,,,cls,Metabolism,CYP2C9
0,ThreeDInfomax,CYP2C9 Veith,0.8733827471733093,12092.0,0.1654813099569963,,,cls,Metabolism,CYP2C9
0,ThreeDInfomax,CYP2C9 Veith,0.8744456171989441,12092.0,0.1654813099569963,,,cls,Metabolism,CYP2C9
0,MolR tag,CYP2C9 Veith,0.8858067989349365,12092.0,0.1654813099569963,,,cls,Metabolism,CYP2C9
0,MolR tag,CYP2C9 Veith,0.8863188624382019,12092.0,0.1654813099569963,,,cls,Metabolism,CYP2C9
0,MolR tag,CYP2C9 Veith,0.8831756114959717,12092.0,0.1654813099569963,,,cls,Metabolism,CYP2C9
0,MolR tag,CYP2C9 Veith,0.8866400718688965,12092.0,0.1654813099569963,,,cls,Metabolism,CYP2C9
0,MolR tag,CYP2C9 Veith,0.8824145793914795,12092.0,0.1654813099569963,,,cls,Metabolism,CYP2C9
0,MolR tag,CYP2C9 Veith,0.8843502998352051,12092.0,0.1654813099569963,,,cls,Metabolism,CYP2C9
0,MolR tag,CYP2C9 Veith,0.8844062089920044,12092.0,0.1654813099569963,,,cls,Metabolism,CYP2C9
0,MolR tag,CYP2C9 Veith,0.8815252184867859,12092.0,0.1654813099569963,,,cls,Metabolism,CYP2C9
0,MolR tag,CYP2C9 Veith,0.8873062133789062,12092.0,0.1654813099569963,,,cls,Metabolism,CYP2C9
0,MolR tag,CYP2C9 Veith,0.8830836415290833,12092.0,0.1654813099569963,,,cls,Metabolism,CYP2C9
0,MolR tag,CYP2C9 Veith,0.8881082534790039,12092.0,0.1654813099569963,,,cls,Metabolism,CYP2C9
0,MolR tag,CYP2C9 Veith,0.8855673670768738,12092.0,0.1654813099569963,,,cls,Metabolism,CYP2C9
0,MolR tag,CYP2C9 Veith,0.8863977193832397,12092.0,0.1654813099569963,,,cls,Metabolism,CYP2C9
0,MolR tag,CYP2C9 Veith,0.885940670967102,12092.0,0.1654813099569963,,,cls,Metabolism,CYP2C9
0,MolR tag,CYP2C9 Veith,0.884753942489624,12092.0,0.1654813099569963,,,cls,Metabolism,CYP2C9
0,MolR tag,CYP2C9 Veith,0.8852692246437073,12092.0,0.1654813099569963,,,cls,Metabolism,CYP2C9
0,MolR tag,CYP2C9 Veith,0.8836588859558105,12092.0,0.1654813099569963,,,cls,Metabolism,CYP2C9
0,MolR tag,CYP2C9 Veith,0.8879846930503845,12092.0,0.1654813099569963,,,cls,Metabolism,CYP2C9
0,MolR tag,CYP2C9 Veith,0.8861039876937866,12092.0,0.1654813099569963,,,cls,Metabolism,CYP2C9
0,MolR tag,CYP2C9 Veith,0.8884001970291138,12092.0,0.1654813099569963,,,cls,Metabolism,CYP2C9
0,GraphMVP,CYP2C9 Substrate CarbonMangels,0.6100845336914062,669.0,0.289237668161435,,,cls,Metabolism,CYP2C9 (s)
0,GraphMVP,CYP2C9 Substrate CarbonMangels,0.5740683078765869,669.0,0.289237668161435,,,cls,Metabolism,CYP2C9 (s)
0,GraphMVP,CYP2C9 Substrate CarbonMangels,0.6468837857246399,669.0,0.289237668161435,,,cls,Metabolism,CYP2C9 (s)
0,GraphMVP,CYP2C9 Substrate CarbonMangels,0.6107891798019409,669.0,0.289237668161435,,,cls,Metabolism,CYP2C9 (s)
0,GraphMVP,CYP2C9 Substrate CarbonMangels,0.5996711254119873,669.0,0.289237668161435,,,cls,Metabolism,CYP2C9 (s)
0,GraphMVP,CYP2C9 Substrate CarbonMangels,0.6240212917327881,669.0,0.289237668161435,,,cls,Metabolism,CYP2C9 (s)
0,GraphMVP,CYP2C9 Substrate CarbonMangels,0.6367835998535156,669.0,0.289237668161435,,,cls,Metabolism,CYP2C9 (s)
0,GraphMVP,CYP2C9 Substrate CarbonMangels,0.6156436204910278,669.0,0.289237668161435,,,cls,Metabolism,CYP2C9 (s)
0,GraphMVP,CYP2C9 Substrate CarbonMangels,0.6321641206741333,669.0,0.289237668161435,,,cls,Metabolism,CYP2C9 (s)
0,GraphMVP,CYP2C9 Substrate CarbonMangels,0.6347478628158569,669.0,0.289237668161435,,,cls,Metabolism,CYP2C9 (s)
0,GraphMVP,CYP2C9 Substrate CarbonMangels,0.5885530710220337,669.0,0.289237668161435,,,cls,Metabolism,CYP2C9 (s)
0,GraphMVP,CYP2C9 Substrate CarbonMangels,0.617287814617157,669.0,0.289237668161435,,,cls,Metabolism,CYP2C9 (s)
0,GraphMVP,CYP2C9 Substrate CarbonMangels,0.6373316645622253,669.0,0.289237668161435,,,cls,Metabolism,CYP2C9 (s)
0,GraphMVP,CYP2C9 Substrate CarbonMangels,0.5975571870803833,669.0,0.289237668161435,,,cls,Metabolism,CYP2C9 (s)
0,GraphMVP,CYP2C9 Substrate CarbonMangels,0.601863443851471,669.0,0.289237668161435,,,cls,Metabolism,CYP2C9 (s)
0,GraphMVP,CYP2C9 Substrate CarbonMangels,0.630833089351654,669.0,0.289237668161435,,,cls,Metabolism,CYP2C9 (s)
0,GraphMVP,CYP2C9 Substrate CarbonMangels,0.6179925203323364,669.0,0.289237668161435,,,cls,Metabolism,CYP2C9 (s)
0,GraphMVP,CYP2C9 Substrate CarbonMangels,0.6132947206497192,669.0,0.289237668161435,,,cls,Metabolism,CYP2C9 (s)
0,GraphMVP,CYP2C9 Substrate CarbonMangels,0.6256654858589172,669.0,0.289237668161435,,,cls,Metabolism,CYP2C9 (s)
0,GraphMVP,CYP2C9 Substrate CarbonMangels,0.6274663209915161,669.0,0.289237668161435,,,cls,Metabolism,CYP2C9 (s)
0,ChemBertMTR-77M,CYP2C9 Substrate CarbonMangels,0.6760883331298828,669.0,0.289237668161435,,,cls,Metabolism,CYP2C9 (s)
0,ChemBertMTR-77M,CYP2C9 Substrate CarbonMangels,0.6547133922576904,669.0,0.289237668161435,,,cls,Metabolism,CYP2C9 (s)
0,ChemBertMTR-77M,CYP2C9 Substrate CarbonMangels,0.6583150625228882,669.0,0.289237668161435,,,cls,Metabolism,CYP2C9 (s)
0,ChemBertMTR-77M,CYP2C9 Substrate CarbonMangels,0.6807078123092651,669.0,0.289237668161435,,,cls,Metabolism,CYP2C9 (s)
0,ChemBertMTR-77M,CYP2C9 Substrate CarbonMangels,0.6966801881790161,669.0,0.289237668161435,,,cls,Metabolism,CYP2C9 (s)
0,ChemBertMTR-77M,CYP2C9 Substrate CarbonMangels,0.7020826935768127,669.0,0.289237668161435,,,cls,Metabolism,CYP2C9 (s)
0,ChemBertMTR-77M,CYP2C9 Substrate CarbonMangels,0.6675540208816528,669.0,0.289237668161435,,,cls,Metabolism,CYP2C9 (s)
0,ChemBertMTR-77M,CYP2C9 Substrate CarbonMangels,0.6590980291366577,669.0,0.289237668161435,,,cls,Metabolism,CYP2C9 (s)
0,ChemBertMTR-77M,CYP2C9 Substrate CarbonMangels,0.7083463668823242,669.0,0.289237668161435,,,cls,Metabolism,CYP2C9 (s)
0,ChemBertMTR-77M,CYP2C9 Substrate CarbonMangels,0.6980112791061401,669.0,0.289237668161435,,,cls,Metabolism,CYP2C9 (s)
0,ChemBertMTR-77M,CYP2C9 Substrate CarbonMangels,0.6856404542922974,669.0,0.289237668161435,,,cls,Metabolism,CYP2C9 (s)
0,ChemBertMTR-77M,CYP2C9 Substrate CarbonMangels,0.6664578914642334,669.0,0.289237668161435,,,cls,Metabolism,CYP2C9 (s)
0,ChemBertMTR-77M,CYP2C9 Substrate CarbonMangels,0.6615251898765564,669.0,0.289237668161435,,,cls,Metabolism,CYP2C9 (s)
0,ChemBertMTR-77M,CYP2C9 Substrate CarbonMangels,0.6847009062767029,669.0,0.289237668161435,,,cls,Metabolism,CYP2C9 (s)
0,ChemBertMTR-77M,CYP2C9 Substrate CarbonMangels,0.6659098267555237,669.0,0.289237668161435,,,cls,Metabolism,CYP2C9 (s)
0,ChemBertMTR-77M,CYP2C9 Substrate CarbonMangels,0.6839179396629333,669.0,0.289237668161435,,,cls,Metabolism,CYP2C9 (s)
0,ChemBertMTR-77M,CYP2C9 Substrate CarbonMangels,0.6349045038223267,669.0,0.289237668161435,,,cls,Metabolism,CYP2C9 (s)
0,ChemBertMTR-77M,CYP2C9 Substrate CarbonMangels,0.6667710542678833,669.0,0.289237668161435,,,cls,Metabolism,CYP2C9 (s)
0,ChemBertMTR-77M,CYP2C9 Substrate CarbonMangels,0.6994988918304443,669.0,0.289237668161435,,,cls,Metabolism,CYP2C9 (s)
0,ChemBertMTR-77M,CYP2C9 Substrate CarbonMangels,0.6897901296615601,669.0,0.289237668161435,,,cls,Metabolism,CYP2C9 (s)
0,ThreeDInfomax,CYP2C9 Substrate CarbonMangels,0.6692765355110168,669.0,0.289237668161435,,,cls,Metabolism,CYP2C9 (s)
0,ThreeDInfomax,CYP2C9 Substrate CarbonMangels,0.6569057703018188,669.0,0.289237668161435,,,cls,Metabolism,CYP2C9 (s)
0,ThreeDInfomax,CYP2C9 Substrate CarbonMangels,0.6648136377334595,669.0,0.289237668161435,,,cls,Metabolism,CYP2C9 (s)
0,ThreeDInfomax,CYP2C9 Substrate CarbonMangels,0.6506420373916626,669.0,0.289237668161435,,,cls,Metabolism,CYP2C9 (s)
0,ThreeDInfomax,CYP2C9 Substrate CarbonMangels,0.6691982746124268,669.0,0.289237668161435,,,cls,Metabolism,CYP2C9 (s)
0,ThreeDInfomax,CYP2C9 Substrate CarbonMangels,0.6659880876541138,669.0,0.289237668161435,,,cls,Metabolism,CYP2C9 (s)
0,ThreeDInfomax,CYP2C9 Substrate CarbonMangels,0.6757751703262329,669.0,0.289237668161435,,,cls,Metabolism,CYP2C9 (s)
0,ThreeDInfomax,CYP2C9 Substrate CarbonMangels,0.6503288149833679,669.0,0.289237668161435,,,cls,Metabolism,CYP2C9 (s)
0,ThreeDInfomax,CYP2C9 Substrate CarbonMangels,0.6599593162536621,669.0,0.289237668161435,,,cls,Metabolism,CYP2C9 (s)
0,ThreeDInfomax,CYP2C9 Substrate CarbonMangels,0.6735045313835144,669.0,0.289237668161435,,,cls,Metabolism,CYP2C9 (s)
0,ThreeDInfomax,CYP2C9 Substrate CarbonMangels,0.6688851118087769,669.0,0.289237668161435,,,cls,Metabolism,CYP2C9 (s)
0,ThreeDInfomax,CYP2C9 Substrate CarbonMangels,0.6789852380752563,669.0,0.289237668161435,,,cls,Metabolism,CYP2C9 (s)
0,ThreeDInfomax,CYP2C9 Substrate CarbonMangels,0.6642656326293945,669.0,0.289237668161435,,,cls,Metabolism,CYP2C9 (s)
0,ThreeDInfomax,CYP2C9 Substrate CarbonMangels,0.6593328714370728,669.0,0.289237668161435,,,cls,Metabolism,CYP2C9 (s)
0,ThreeDInfomax,CYP2C9 Substrate CarbonMangels,0.6727215647697449,669.0,0.289237668161435,,,cls,Metabolism,CYP2C9 (s)
0,ThreeDInfomax,CYP2C9 Substrate CarbonMangels,0.6560444831848145,669.0,0.289237668161435,,,cls,Metabolism,CYP2C9 (s)
0,ThreeDInfomax,CYP2C9 Substrate CarbonMangels,0.6374882459640503,669.0,0.289237668161435,,,cls,Metabolism,CYP2C9 (s)
0,ThreeDInfomax,CYP2C9 Substrate CarbonMangels,0.6556529998779297,669.0,0.289237668161435,,,cls,Metabolism,CYP2C9 (s)
0,ThreeDInfomax,CYP2C9 Substrate CarbonMangels,0.6673974394798279,669.0,0.289237668161435,,,cls,Metabolism,CYP2C9 (s)
0,ThreeDInfomax,CYP2C9 Substrate CarbonMangels,0.6755402684211731,669.0,0.289237668161435,,,cls,Metabolism,CYP2C9 (s)
0,MolR tag,CYP2C9 Substrate CarbonMangels,0.642969012260437,669.0,0.289237668161435,,,cls,Metabolism,CYP2C9 (s)
0,MolR tag,CYP2C9 Substrate CarbonMangels,0.6075007915496826,669.0,0.289237668161435,,,cls,Metabolism,CYP2C9 (s)
0,MolR tag,CYP2C9 Substrate CarbonMangels,0.6227685213088989,669.0,0.289237668161435,,,cls,Metabolism,CYP2C9 (s)
0,MolR tag,CYP2C9 Substrate CarbonMangels,0.6437519788742065,669.0,0.289237668161435,,,cls,Metabolism,CYP2C9 (s)
0,MolR tag,CYP2C9 Substrate CarbonMangels,0.6522862911224365,669.0,0.289237668161435,,,cls,Metabolism,CYP2C9 (s)
0,MolR tag,CYP2C9 Substrate CarbonMangels,0.6584717035293579,669.0,0.289237668161435,,,cls,Metabolism,CYP2C9 (s)
0,MolR tag,CYP2C9 Substrate CarbonMangels,0.6286407709121704,669.0,0.289237668161435,,,cls,Metabolism,CYP2C9 (s)
0,MolR tag,CYP2C9 Substrate CarbonMangels,0.6139211058616638,669.0,0.289237668161435,,,cls,Metabolism,CYP2C9 (s)
0,MolR tag,CYP2C9 Substrate CarbonMangels,0.6425774693489075,669.0,0.289237668161435,,,cls,Metabolism,CYP2C9 (s)
0,MolR tag,CYP2C9 Substrate CarbonMangels,0.6407766938209534,669.0,0.289237668161435,,,cls,Metabolism,CYP2C9 (s)
0,MolR tag,CYP2C9 Substrate CarbonMangels,0.6230817437171936,669.0,0.289237668161435,,,cls,Metabolism,CYP2C9 (s)
0,MolR tag,CYP2C9 Substrate CarbonMangels,0.6206545829772949,669.0,0.289237668161435,,,cls,Metabolism,CYP2C9 (s)
0,MolR tag,CYP2C9 Substrate CarbonMangels,0.6418728828430176,669.0,0.289237668161435,,,cls,Metabolism,CYP2C9 (s)
0,MolR tag,CYP2C9 Substrate CarbonMangels,0.6422643661499023,669.0,0.289237668161435,,,cls,Metabolism,CYP2C9 (s)
0,MolR tag,CYP2C9 Substrate CarbonMangels,0.6044472455978394,669.0,0.289237668161435,,,cls,Metabolism,CYP2C9 (s)
0,MolR tag,CYP2C9 Substrate CarbonMangels,0.6088318228721619,669.0,0.289237668161435,,,cls,Metabolism,CYP2C9 (s)
0,MolR tag,CYP2C9 Substrate CarbonMangels,0.653852105140686,669.0,0.289237668161435,,,cls,Metabolism,CYP2C9 (s)
0,MolR tag,CYP2C9 Substrate CarbonMangels,0.6298934817314148,669.0,0.289237668161435,,,cls,Metabolism,CYP2C9 (s)
0,MolR tag,CYP2C9 Substrate CarbonMangels,0.6622298955917358,669.0,0.289237668161435,,,cls,Metabolism,CYP2C9 (s)
0,MolR tag,CYP2C9 Substrate CarbonMangels,0.6288756132125854,669.0,0.289237668161435,,,cls,Metabolism,CYP2C9 (s)
0,GraphMVP,Caco2 Wang,,910.0,0.777236234121794,0.5121934413909912,0.6954919695854187,reg,Absorption,Caco2
0,GraphMVP,Caco2 Wang,,910.0,0.777236234121794,0.5396237969398499,0.7154298424720764,reg,Absorption,Caco2
0,GraphMVP,Caco2 Wang,,910.0,0.777236234121794,0.5215929746627808,0.7090088129043579,reg,Absorption,Caco2
0,GraphMVP,Caco2 Wang,,910.0,0.777236234121794,0.4995415806770324,0.6791362762451172,reg,Absorption,Caco2
0,GraphMVP,Caco2 Wang,,910.0,0.777236234121794,0.5044492483139038,0.6904284954071045,reg,Absorption,Caco2
0,GraphMVP,Caco2 Wang,,910.0,0.777236234121794,0.5505737662315369,0.7105129957199097,reg,Absorption,Caco2
0,GraphMVP,Caco2 Wang,,910.0,0.777236234121794,0.5177003741264343,0.693176805973053,reg,Absorption,Caco2
0,GraphMVP,Caco2 Wang,,910.0,0.777236234121794,0.5026928186416626,0.6937265992164612,reg,Absorption,Caco2
0,GraphMVP,Caco2 Wang,,910.0,0.777236234121794,0.4974815249443054,0.6911372542381287,reg,Absorption,Caco2
0,GraphMVP,Caco2 Wang,,910.0,0.777236234121794,0.5201653838157654,0.6924901604652405,reg,Absorption,Caco2
0,GraphMVP,Caco2 Wang,,910.0,0.777236234121794,0.5258437395095825,0.6949037313461304,reg,Absorption,Caco2
0,GraphMVP,Caco2 Wang,,910.0,0.777236234121794,0.4993385672569275,0.6895960569381714,reg,Absorption,Caco2
0,GraphMVP,Caco2 Wang,,910.0,0.777236234121794,0.4583563208580017,0.6426006555557251,reg,Absorption,Caco2
0,GraphMVP,Caco2 Wang,,910.0,0.777236234121794,0.5042198896408081,0.6807221174240112,reg,Absorption,Caco2
0,GraphMVP,Caco2 Wang,,910.0,0.777236234121794,0.5019620656967163,0.6909487247467041,reg,Absorption,Caco2
0,GraphMVP,Caco2 Wang,,910.0,0.777236234121794,0.5072914361953735,0.6883732676506042,reg,Absorption,Caco2
0,GraphMVP,Caco2 Wang,,910.0,0.777236234121794,0.5058695077896118,0.6885692477226257,reg,Absorption,Caco2
0,GraphMVP,Caco2 Wang,,910.0,0.777236234121794,0.4780087471008301,0.6679168343544006,reg,Absorption,Caco2
0,GraphMVP,Caco2 Wang,,910.0,0.777236234121794,0.51048344373703,0.678544819355011,reg,Absorption,Caco2
0,GraphMVP,Caco2 Wang,,910.0,0.777236234121794,0.5241875648498535,0.6892412304878235,reg,Absorption,Caco2
0,ChemBertMTR-77M,Caco2 Wang,,910.0,0.777236234121794,0.7045043110847473,0.8043992519378662,reg,Absorption,Caco2
0,ChemBertMTR-77M,Caco2 Wang,,910.0,0.777236234121794,0.717890202999115,0.8249076008796692,reg,Absorption,Caco2
0,ChemBertMTR-77M,Caco2 Wang,,910.0,0.777236234121794,0.6968425512313843,0.8094713091850281,reg,Absorption,Caco2
0,ChemBertMTR-77M,Caco2 Wang,,910.0,0.777236234121794,0.5740494728088379,0.7984315156936646,reg,Absorption,Caco2
0,ChemBertMTR-77M,Caco2 Wang,,910.0,0.777236234121794,0.7229615449905396,0.822334885597229,reg,Absorption,Caco2
0,ChemBertMTR-77M,Caco2 Wang,,910.0,0.777236234121794,0.6715470552444458,0.8217202425003052,reg,Absorption,Caco2
0,ChemBertMTR-77M,Caco2 Wang,,910.0,0.777236234121794,0.7305206060409546,0.8294471502304077,reg,Absorption,Caco2
0,ChemBertMTR-77M,Caco2 Wang,,910.0,0.777236234121794,0.6725327968597412,0.7889071106910706,reg,Absorption,Caco2
0,ChemBertMTR-77M,Caco2 Wang,,910.0,0.777236234121794,0.7161808609962463,0.8272870779037476,reg,Absorption,Caco2
0,ChemBertMTR-77M,Caco2 Wang,,910.0,0.777236234121794,0.7075666189193726,0.8233880996704102,reg,Absorption,Caco2
0,ChemBertMTR-77M,Caco2 Wang,,910.0,0.777236234121794,0.7017292976379395,0.8148912787437439,reg,Absorption,Caco2
0,ChemBertMTR-77M,Caco2 Wang,,910.0,0.777236234121794,0.7169262170791626,0.8210764527320862,reg,Absorption,Caco2
0,ChemBertMTR-77M,Caco2 Wang,,910.0,0.777236234121794,0.7051154375076294,0.8224694132804871,reg,Absorption,Caco2
0,ChemBertMTR-77M,Caco2 Wang,,910.0,0.777236234121794,0.7054349184036255,0.8158033490180969,reg,Absorption,Caco2
0,ChemBertMTR-77M,Caco2 Wang,,910.0,0.777236234121794,0.7088100910186768,0.8092299699783325,reg,Absorption,Caco2
0,ChemBertMTR-77M,Caco2 Wang,,910.0,0.777236234121794,0.7047882080078125,0.8143031597137451,reg,Absorption,Caco2
0,ChemBertMTR-77M,Caco2 Wang,,910.0,0.777236234121794,0.6803486347198486,0.7977656126022339,reg,Absorption,Caco2
0,ChemBertMTR-77M,Caco2 Wang,,910.0,0.777236234121794,0.7172917127609253,0.8284439444541931,reg,Absorption,Caco2
0,ChemBertMTR-77M,Caco2 Wang,,910.0,0.777236234121794,0.7158392667770386,0.8172664642333984,reg,Absorption,Caco2
0,ChemBertMTR-77M,Caco2 Wang,,910.0,0.777236234121794,0.7021949291229248,0.8155322074890137,reg,Absorption,Caco2
0,ThreeDInfomax,Caco2 Wang,,910.0,0.777236234121794,0.6079850792884827,0.7480524778366089,reg,Absorption,Caco2
0,ThreeDInfomax,Caco2 Wang,,910.0,0.777236234121794,0.6251686215400696,0.7558729648590088,reg,Absorption,Caco2
0,ThreeDInfomax,Caco2 Wang,,910.0,0.777236234121794,0.6087949275970459,0.7529714107513428,reg,Absorption,Caco2
0,ThreeDInfomax,Caco2 Wang,,910.0,0.777236234121794,0.651116132736206,0.7790099382400513,reg,Absorption,Caco2
0,ThreeDInfomax,Caco2 Wang,,910.0,0.777236234121794,0.6454100012779236,0.7778517603874207,reg,Absorption,Caco2
0,ThreeDInfomax,Caco2 Wang,,910.0,0.777236234121794,0.6251093149185181,0.7461230158805847,reg,Absorption,Caco2
0,ThreeDInfomax,Caco2 Wang,,910.0,0.777236234121794,0.6214982271194458,0.7553108334541321,reg,Absorption,Caco2
0,ThreeDInfomax,Caco2 Wang,,910.0,0.777236234121794,0.6483715772628784,0.7653895616531372,reg,Absorption,Caco2
0,ThreeDInfomax,Caco2 Wang,,910.0,0.777236234121794,0.5711252689361572,0.7349568605422974,reg,Absorption,Caco2
0,ThreeDInfomax,Caco2 Wang,,910.0,0.777236234121794,0.6156147122383118,0.7517186403274536,reg,Absorption,Caco2
0,ThreeDInfomax,Caco2 Wang,,910.0,0.777236234121794,0.6384663581848145,0.7644403576850891,reg,Absorption,Caco2
0,ThreeDInfomax,Caco2 Wang,,910.0,0.777236234121794,0.6361064910888672,0.7696255445480347,reg,Absorption,Caco2
0,ThreeDInfomax,Caco2 Wang,,910.0,0.777236234121794,0.628814697265625,0.7730278372764587,reg,Absorption,Caco2
0,ThreeDInfomax,Caco2 Wang,,910.0,0.777236234121794,0.6293467283248901,0.7709397077560425,reg,Absorption,Caco2
0,ThreeDInfomax,Caco2 Wang,,910.0,0.777236234121794,0.616632342338562,0.7551909685134888,reg,Absorption,Caco2
0,ThreeDInfomax,Caco2 Wang,,910.0,0.777236234121794,0.6204819083213806,0.7538825869560242,reg,Absorption,Caco2
0,ThreeDInfomax,Caco2 Wang,,910.0,0.777236234121794,0.6156283617019653,0.7689660787582397,reg,Absorption,Caco2
0,ThreeDInfomax,Caco2 Wang,,910.0,0.777236234121794,0.6434973478317261,0.7638058066368103,reg,Absorption,Caco2
0,ThreeDInfomax,Caco2 Wang,,910.0,0.777236234121794,0.6256157159805298,0.7536342144012451,reg,Absorption,Caco2
0,ThreeDInfomax,Caco2 Wang,,910.0,0.777236234121794,0.6515089869499207,0.7880319952964783,reg,Absorption,Caco2
0,MolR tag,Caco2 Wang,,910.0,0.777236234121794,0.6014865636825562,0.7370174527168274,reg,Absorption,Caco2
0,MolR tag,Caco2 Wang,,910.0,0.777236234121794,0.6047691106796265,0.7310590744018555,reg,Absorption,Caco2
0,MolR tag,Caco2 Wang,,910.0,0.777236234121794,0.600622296333313,0.7531172037124634,reg,Absorption,Caco2
0,MolR tag,Caco2 Wang,,910.0,0.777236234121794,0.5866572260856628,0.7331200838088989,reg,Absorption,Caco2
0,MolR tag,Caco2 Wang,,910.0,0.777236234121794,0.5995279550552368,0.7334394454956055,reg,Absorption,Caco2
0,MolR tag,Caco2 Wang,,910.0,0.777236234121794,0.6184273958206177,0.7451971173286438,reg,Absorption,Caco2
0,MolR tag,Caco2 Wang,,910.0,0.777236234121794,0.5918172001838684,0.7184216380119324,reg,Absorption,Caco2
0,MolR tag,Caco2 Wang,,910.0,0.777236234121794,0.5986624956130981,0.7322444319725037,reg,Absorption,Caco2
0,MolR tag,Caco2 Wang,,910.0,0.777236234121794,0.6050985455513,0.7274584174156189,reg,Absorption,Caco2
0,MolR tag,Caco2 Wang,,910.0,0.777236234121794,0.5921612977981567,0.7220988273620605,reg,Absorption,Caco2
0,MolR tag,Caco2 Wang,,910.0,0.777236234121794,0.6091274619102478,0.7390716671943665,reg,Absorption,Caco2
0,MolR tag,Caco2 Wang,,910.0,0.777236234121794,0.5915907621383667,0.7259904742240906,reg,Absorption,Caco2
0,MolR tag,Caco2 Wang,,910.0,0.777236234121794,0.6029999852180481,0.7319822907447815,reg,Absorption,Caco2
0,MolR tag,Caco2 Wang,,910.0,0.777236234121794,0.5947587490081787,0.7218459248542786,reg,Absorption,Caco2
0,MolR tag,Caco2 Wang,,910.0,0.777236234121794,0.6016654968261719,0.7260149121284485,reg,Absorption,Caco2
0,MolR tag,Caco2 Wang,,910.0,0.777236234121794,0.6068465709686279,0.748597264289856,reg,Absorption,Caco2
0,MolR tag,Caco2 Wang,,910.0,0.777236234121794,0.618987500667572,0.747649610042572,reg,Absorption,Caco2
0,MolR tag,Caco2 Wang,,910.0,0.777236234121794,0.6041737198829651,0.7374268174171448,reg,Absorption,Caco2
0,MolR tag,Caco2 Wang,,910.0,0.777236234121794,0.5821831226348877,0.7275705337524414,reg,Absorption,Caco2
0,MolR tag,Caco2 Wang,,910.0,0.777236234121794,0.6120747327804565,0.7481592893600464,reg,Absorption,Caco2
0,GraphMVP,Lipophilicity (az),,4200.0,1.203003713387104,0.4867854714393616,0.7435316443443298,reg,Absorption,Lipophilicity
0,GraphMVP,Lipophilicity (az),,4200.0,1.203003713387104,0.5056480169296265,0.7336899638175964,reg,Absorption,Lipophilicity
0,GraphMVP,Lipophilicity (az),,4200.0,1.203003713387104,0.4886677861213684,0.7372083067893982,reg,Absorption,Lipophilicity
0,GraphMVP,Lipophilicity (az),,4200.0,1.203003713387104,0.5028373599052429,0.7404701709747314,reg,Absorption,Lipophilicity
0,GraphMVP,Lipophilicity (az),,4200.0,1.203003713387104,0.4827961921691894,0.7253443598747253,reg,Absorption,Lipophilicity
0,GraphMVP,Lipophilicity (az),,4200.0,1.203003713387104,0.5022823810577393,0.7414035797119141,reg,Absorption,Lipophilicity
0,GraphMVP,Lipophilicity (az),,4200.0,1.203003713387104,0.4991217255592346,0.7385002970695496,reg,Absorption,Lipophilicity
0,GraphMVP,Lipophilicity (az),,4200.0,1.203003713387104,0.4823277592658996,0.7435082197189331,reg,Absorption,Lipophilicity
0,GraphMVP,Lipophilicity (az),,4200.0,1.203003713387104,0.4905595183372497,0.7401766180992126,reg,Absorption,Lipophilicity
0,GraphMVP,Lipophilicity (az),,4200.0,1.203003713387104,0.4897269606590271,0.7345613837242126,reg,Absorption,Lipophilicity
0,GraphMVP,Lipophilicity (az),,4200.0,1.203003713387104,0.4773012995719909,0.7334108948707581,reg,Absorption,Lipophilicity
0,GraphMVP,Lipophilicity (az),,4200.0,1.203003713387104,0.4920978546142578,0.7351129055023193,reg,Absorption,Lipophilicity
0,GraphMVP,Lipophilicity (az),,4200.0,1.203003713387104,0.494586706161499,0.7397896647453308,reg,Absorption,Lipophilicity
0,GraphMVP,Lipophilicity (az),,4200.0,1.203003713387104,0.4657441973686218,0.728478193283081,reg,Absorption,Lipophilicity
0,GraphMVP,Lipophilicity (az),,4200.0,1.203003713387104,0.5169048309326172,0.7379282116889954,reg,Absorption,Lipophilicity
0,GraphMVP,Lipophilicity (az),,4200.0,1.203003713387104,0.4869652986526489,0.7307180762290955,reg,Absorption,Lipophilicity
0,GraphMVP,Lipophilicity (az),,4200.0,1.203003713387104,0.4996593594551086,0.7486532926559448,reg,Absorption,Lipophilicity
0,GraphMVP,Lipophilicity (az),,4200.0,1.203003713387104,0.4897947311401367,0.7320452332496643,reg,Absorption,Lipophilicity
0,GraphMVP,Lipophilicity (az),,4200.0,1.203003713387104,0.489507794380188,0.7364083528518677,reg,Absorption,Lipophilicity
0,GraphMVP,Lipophilicity (az),,4200.0,1.203003713387104,0.4997389912605285,0.7351608276367188,reg,Absorption,Lipophilicity
0,ChemBertMTR-77M,Lipophilicity (az),,4200.0,1.203003713387104,0.6773674488067627,0.8344597220420837,reg,Absorption,Lipophilicity
0,ChemBertMTR-77M,Lipophilicity (az),,4200.0,1.203003713387104,0.6581400036811829,0.8274524807929993,reg,Absorption,Lipophilicity
0,ChemBertMTR-77M,Lipophilicity (az),,4200.0,1.203003713387104,0.670387864112854,0.8286800384521484,reg,Absorption,Lipophilicity
0,ChemBertMTR-77M,Lipophilicity (az),,4200.0,1.203003713387104,0.651343584060669,0.8142238855361938,reg,Absorption,Lipophilicity
0,ChemBertMTR-77M,Lipophilicity (az),,4200.0,1.203003713387104,0.6616287231445312,0.8254132866859436,reg,Absorption,Lipophilicity
0,ChemBertMTR-77M,Lipophilicity (az),,4200.0,1.203003713387104,0.6747757196426392,0.8292588591575623,reg,Absorption,Lipophilicity
0,ChemBertMTR-77M,Lipophilicity (az),,4200.0,1.203003713387104,0.6730424761772156,0.8258044123649597,reg,Absorption,Lipophilicity
0,ChemBertMTR-77M,Lipophilicity (az),,4200.0,1.203003713387104,0.6669286489486694,0.8316820859909058,reg,Absorption,Lipophilicity
0,ChemBertMTR-77M,Lipophilicity (az),,4200.0,1.203003713387104,0.6854708194732666,0.8295300006866455,reg,Absorption,Lipophilicity
0,ChemBertMTR-77M,Lipophilicity (az),,4200.0,1.203003713387104,0.6900426149368286,0.8356931209564209,reg,Absorption,Lipophilicity
0,ChemBertMTR-77M,Lipophilicity (az),,4200.0,1.203003713387104,0.6721264719963074,0.824701189994812,reg,Absorption,Lipophilicity
0,ChemBertMTR-77M,Lipophilicity (az),,4200.0,1.203003713387104,0.6615692377090454,0.8223050236701965,reg,Absorption,Lipophilicity
0,ChemBertMTR-77M,Lipophilicity (az),,4200.0,1.203003713387104,0.6766389608383179,0.8307386040687561,reg,Absorption,Lipophilicity
0,ChemBertMTR-77M,Lipophilicity (az),,4200.0,1.203003713387104,0.6708799600601196,0.8307322859764099,reg,Absorption,Lipophilicity
0,ChemBertMTR-77M,Lipophilicity (az),,4200.0,1.203003713387104,0.6686738729476929,0.8284308314323425,reg,Absorption,Lipophilicity
0,ChemBertMTR-77M,Lipophilicity (az),,4200.0,1.203003713387104,0.665164589881897,0.8340339064598083,reg,Absorption,Lipophilicity
0,ChemBertMTR-77M,Lipophilicity (az),,4200.0,1.203003713387104,0.6744555830955505,0.8286116123199463,reg,Absorption,Lipophilicity
0,ChemBertMTR-77M,Lipophilicity (az),,4200.0,1.203003713387104,0.662148118019104,0.8236280083656311,reg,Absorption,Lipophilicity
0,ChemBertMTR-77M,Lipophilicity (az),,4200.0,1.203003713387104,0.6562913060188293,0.8218287229537964,reg,Absorption,Lipophilicity
0,ChemBertMTR-77M,Lipophilicity (az),,4200.0,1.203003713387104,0.6638258695602417,0.8205239176750183,reg,Absorption,Lipophilicity
0,ThreeDInfomax,Lipophilicity (az),,4200.0,1.203003713387104,0.5612292289733887,0.742557168006897,reg,Absorption,Lipophilicity
0,ThreeDInfomax,Lipophilicity (az),,4200.0,1.203003713387104,0.5603442192077637,0.7510642409324646,reg,Absorption,Lipophilicity
0,ThreeDInfomax,Lipophilicity (az),,4200.0,1.203003713387104,0.5547699928283691,0.7488041520118713,reg,Absorption,Lipophilicity
0,ThreeDInfomax,Lipophilicity (az),,4200.0,1.203003713387104,0.5609574317932129,0.7512689828872681,reg,Absorption,Lipophilicity
0,ThreeDInfomax,Lipophilicity (az),,4200.0,1.203003713387104,0.5446640253067017,0.7388438582420349,reg,Absorption,Lipophilicity
0,ThreeDInfomax,Lipophilicity (az),,4200.0,1.203003713387104,0.5454529523849487,0.7382124662399292,reg,Absorption,Lipophilicity
0,ThreeDInfomax,Lipophilicity (az),,4200.0,1.203003713387104,0.5363489389419556,0.7414354085922241,reg,Absorption,Lipophilicity
0,ThreeDInfomax,Lipophilicity (az),,4200.0,1.203003713387104,0.5606745481491089,0.7486287951469421,reg,Absorption,Lipophilicity
0,ThreeDInfomax,Lipophilicity (az),,4200.0,1.203003713387104,0.5540125370025635,0.7436266541481018,reg,Absorption,Lipophilicity
0,ThreeDInfomax,Lipophilicity (az),,4200.0,1.203003713387104,0.5529656410217285,0.7465282082557678,reg,Absorption,Lipophilicity
0,ThreeDInfomax,Lipophilicity (az),,4200.0,1.203003713387104,0.558312177658081,0.7442479729652405,reg,Absorption,Lipophilicity
0,ThreeDInfomax,Lipophilicity (az),,4200.0,1.203003713387104,0.5625848770141602,0.7539047598838806,reg,Absorption,Lipophilicity
0,ThreeDInfomax,Lipophilicity (az),,4200.0,1.203003713387104,0.5598251223564148,0.7470983266830444,reg,Absorption,Lipophilicity
0,ThreeDInfomax,Lipophilicity (az),,4200.0,1.203003713387104,0.5409750938415527,0.7412858605384827,reg,Absorption,Lipophilicity
0,ThreeDInfomax,Lipophilicity (az),,4200.0,1.203003713387104,0.5639165639877319,0.7526533603668213,reg,Absorption,Lipophilicity
0,ThreeDInfomax,Lipophilicity (az),,4200.0,1.203003713387104,0.5467138290405273,0.7393884658813477,reg,Absorption,Lipophilicity
0,ThreeDInfomax,Lipophilicity (az),,4200.0,1.203003713387104,0.5416139364242554,0.7462617754936218,reg,Absorption,Lipophilicity
0,ThreeDInfomax,Lipophilicity (az),,4200.0,1.203003713387104,0.5659048557281494,0.7508658766746521,reg,Absorption,Lipophilicity
0,ThreeDInfomax,Lipophilicity (az),,4200.0,1.203003713387104,0.5890665054321289,0.7640299201011658,reg,Absorption,Lipophilicity
0,ThreeDInfomax,Lipophilicity (az),,4200.0,1.203003713387104,0.5681722164154053,0.7542251348495483,reg,Absorption,Lipophilicity
0,MolR tag,Lipophilicity (az),,4200.0,1.203003713387104,0.5100786685943604,0.7059888243675232,reg,Absorption,Lipophilicity
0,MolR tag,Lipophilicity (az),,4200.0,1.203003713387104,0.4877212643623352,0.7036161422729492,reg,Absorption,Lipophilicity
0,MolR tag,Lipophilicity (az),,4200.0,1.203003713387104,0.4849663972854614,0.6899272203445435,reg,Absorption,Lipophilicity
0,MolR tag,Lipophilicity (az),,4200.0,1.203003713387104,0.4774359464645386,0.6937060356140137,reg,Absorption,Lipophilicity
0,MolR tag,Lipophilicity (az),,4200.0,1.203003713387104,0.4994398355484009,0.7099519968032837,reg,Absorption,Lipophilicity
0,MolR tag,Lipophilicity (az),,4200.0,1.203003713387104,0.4842175841331482,0.701416552066803,reg,Absorption,Lipophilicity
0,MolR tag,Lipophilicity (az),,4200.0,1.203003713387104,0.4917976856231689,0.6989879012107849,reg,Absorption,Lipophilicity
0,MolR tag,Lipophilicity (az),,4200.0,1.203003713387104,0.4857831001281738,0.703934371471405,reg,Absorption,Lipophilicity
0,MolR tag,Lipophilicity (az),,4200.0,1.203003713387104,0.5074548721313477,0.710269033908844,reg,Absorption,Lipophilicity
0,MolR tag,Lipophilicity (az),,4200.0,1.203003713387104,0.5154809951782227,0.7209197878837585,reg,Absorption,Lipophilicity
0,MolR tag,Lipophilicity (az),,4200.0,1.203003713387104,0.487652063369751,0.704046368598938,reg,Absorption,Lipophilicity
0,MolR tag,Lipophilicity (az),,4200.0,1.203003713387104,0.495104968547821,0.7026899456977844,reg,Absorption,Lipophilicity
0,MolR tag,Lipophilicity (az),,4200.0,1.203003713387104,0.4921780228614807,0.7071130275726318,reg,Absorption,Lipophilicity
0,MolR tag,Lipophilicity (az),,4200.0,1.203003713387104,0.4667596817016601,0.6907294988632202,reg,Absorption,Lipophilicity
0,MolR tag,Lipophilicity (az),,4200.0,1.203003713387104,0.5098811984062195,0.7142264246940613,reg,Absorption,Lipophilicity
0,MolR tag,Lipophilicity (az),,4200.0,1.203003713387104,0.4853193163871765,0.7045912742614746,reg,Absorption,Lipophilicity
0,MolR tag,Lipophilicity (az),,4200.0,1.203003713387104,0.4675787091255188,0.688781201839447,reg,Absorption,Lipophilicity
0,MolR tag,Lipophilicity (az),,4200.0,1.203003713387104,0.4969245791435241,0.7051494717597961,reg,Absorption,Lipophilicity
0,MolR tag,Lipophilicity (az),,4200.0,1.203003713387104,0.4822760224342346,0.6985297203063965,reg,Absorption,Lipophilicity
0,MolR tag,Lipophilicity (az),,4200.0,1.203003713387104,0.5136663913726807,0.7201498746871948,reg,Absorption,Lipophilicity
0,GraphMVP,Solubility AqSolDB,,9982.0,2.368154448407012,0.735720157623291,0.8523632287979126,reg,Absorption,Solubility
0,GraphMVP,Solubility AqSolDB,,9982.0,2.368154448407012,0.7347460985183716,0.8510037064552307,reg,Absorption,Solubility
0,GraphMVP,Solubility AqSolDB,,9982.0,2.368154448407012,0.7316280603408813,0.8531790375709534,reg,Absorption,Solubility
0,GraphMVP,Solubility AqSolDB,,9982.0,2.368154448407012,0.7291898131370544,0.8513553738594055,reg,Absorption,Solubility
0,GraphMVP,Solubility AqSolDB,,9982.0,2.368154448407012,0.736720860004425,0.8531638383865356,reg,Absorption,Solubility
0,GraphMVP,Solubility AqSolDB,,9982.0,2.368154448407012,0.7257107496261597,0.8444513082504272,reg,Absorption,Solubility
0,GraphMVP,Solubility AqSolDB,,9982.0,2.368154448407012,0.7428112030029297,0.857142984867096,reg,Absorption,Solubility
0,GraphMVP,Solubility AqSolDB,,9982.0,2.368154448407012,0.7341243028640747,0.850128173828125,reg,Absorption,Solubility
0,GraphMVP,Solubility AqSolDB,,9982.0,2.368154448407012,0.7348169088363647,0.8521674275398254,reg,Absorption,Solubility
0,GraphMVP,Solubility AqSolDB,,9982.0,2.368154448407012,0.7354151010513306,0.8526652455329895,reg,Absorption,Solubility
0,GraphMVP,Solubility AqSolDB,,9982.0,2.368154448407012,0.7366287708282471,0.8538387417793274,reg,Absorption,Solubility
0,GraphMVP,Solubility AqSolDB,,9982.0,2.368154448407012,0.7341112494468689,0.8522571325302124,reg,Absorption,Solubility
0,GraphMVP,Solubility AqSolDB,,9982.0,2.368154448407012,0.7422404885292053,0.8567679524421692,reg,Absorption,Solubility
0,GraphMVP,Solubility AqSolDB,,9982.0,2.368154448407012,0.7351194620132446,0.8539502620697021,reg,Absorption,Solubility
0,GraphMVP,Solubility AqSolDB,,9982.0,2.368154448407012,0.7329549789428711,0.8510898351669312,reg,Absorption,Solubility
0,GraphMVP,Solubility AqSolDB,,9982.0,2.368154448407012,0.7360122203826904,0.8511759042739868,reg,Absorption,Solubility
0,GraphMVP,Solubility AqSolDB,,9982.0,2.368154448407012,0.7427923083305359,0.8562231063842773,reg,Absorption,Solubility
0,GraphMVP,Solubility AqSolDB,,9982.0,2.368154448407012,0.7287994623184204,0.8489477038383484,reg,Absorption,Solubility
0,GraphMVP,Solubility AqSolDB,,9982.0,2.368154448407012,0.7371549010276794,0.8515901565551758,reg,Absorption,Solubility
0,GraphMVP,Solubility AqSolDB,,9982.0,2.368154448407012,0.7336542010307312,0.8506749272346497,reg,Absorption,Solubility
0,ChemBertMTR-77M,Solubility AqSolDB,,9982.0,2.368154448407012,0.8266124129295349,0.9071599245071412,reg,Absorption,Solubility
0,ChemBertMTR-77M,Solubility AqSolDB,,9982.0,2.368154448407012,0.8251786828041077,0.9064307808876038,reg,Absorption,Solubility
0,ChemBertMTR-77M,Solubility AqSolDB,,9982.0,2.368154448407012,0.8330977559089661,0.9092151522636414,reg,Absorption,Solubility
0,ChemBertMTR-77M,Solubility AqSolDB,,9982.0,2.368154448407012,0.830545961856842,0.9086453914642334,reg,Absorption,Solubility
0,ChemBertMTR-77M,Solubility AqSolDB,,9982.0,2.368154448407012,0.829730749130249,0.9094763398170472,reg,Absorption,Solubility
0,ChemBertMTR-77M,Solubility AqSolDB,,9982.0,2.368154448407012,0.8319399952888489,0.910871922969818,reg,Absorption,Solubility
0,ChemBertMTR-77M,Solubility AqSolDB,,9982.0,2.368154448407012,0.8313998579978943,0.909582793712616,reg,Absorption,Solubility
0,ChemBertMTR-77M,Solubility AqSolDB,,9982.0,2.368154448407012,0.8267021179199219,0.9082965850830078,reg,Absorption,Solubility
0,ChemBertMTR-77M,Solubility AqSolDB,,9982.0,2.368154448407012,0.8235310912132263,0.9031766653060912,reg,Absorption,Solubility
0,ChemBertMTR-77M,Solubility AqSolDB,,9982.0,2.368154448407012,0.8286184072494507,0.9083114266395568,reg,Absorption,Solubility
0,ChemBertMTR-77M,Solubility AqSolDB,,9982.0,2.368154448407012,0.8251966238021851,0.9069057703018188,reg,Absorption,Solubility
0,ChemBertMTR-77M,Solubility AqSolDB,,9982.0,2.368154448407012,0.8261504769325256,0.9079867601394652,reg,Absorption,Solubility
0,ChemBertMTR-77M,Solubility AqSolDB,,9982.0,2.368154448407012,0.8251866102218628,0.9062548279762268,reg,Absorption,Solubility
0,ChemBertMTR-77M,Solubility AqSolDB,,9982.0,2.368154448407012,0.8291996121406555,0.9064546823501588,reg,Absorption,Solubility
0,ChemBertMTR-77M,Solubility AqSolDB,,9982.0,2.368154448407012,0.8299480676651001,0.9076213240623474,reg,Absorption,Solubility
0,ChemBertMTR-77M,Solubility AqSolDB,,9982.0,2.368154448407012,0.8263847827911377,0.9089929461479188,reg,Absorption,Solubility
0,ChemBertMTR-77M,Solubility AqSolDB,,9982.0,2.368154448407012,0.8262136578559875,0.9075803756713868,reg,Absorption,Solubility
0,ChemBertMTR-77M,Solubility AqSolDB,,9982.0,2.368154448407012,0.8288325071334839,0.9083812236785888,reg,Absorption,Solubility
0,ChemBertMTR-77M,Solubility AqSolDB,,9982.0,2.368154448407012,0.8240393996238708,0.9063994884490968,reg,Absorption,Solubility
0,ChemBertMTR-77M,Solubility AqSolDB,,9982.0,2.368154448407012,0.8292144536972046,0.907890260219574,reg,Absorption,Solubility
0,ThreeDInfomax,Solubility AqSolDB,,9982.0,2.368154448407012,0.8284740447998047,0.90492844581604,reg,Absorption,Solubility
0,ThreeDInfomax,Solubility AqSolDB,,9982.0,2.368154448407012,0.8202064037322998,0.9004223942756653,reg,Absorption,Solubility
0,ThreeDInfomax,Solubility AqSolDB,,9982.0,2.368154448407012,0.8214489817619324,0.9010418057441713,reg,Absorption,Solubility
0,ThreeDInfomax,Solubility AqSolDB,,9982.0,2.368154448407012,0.8234265446662903,0.901939570903778,reg,Absorption,Solubility
0,ThreeDInfomax,Solubility AqSolDB,,9982.0,2.368154448407012,0.8230804204940796,0.9001073241233826,reg,Absorption,Solubility
0,ThreeDInfomax,Solubility AqSolDB,,9982.0,2.368154448407012,0.819821834564209,0.9005436301231384,reg,Absorption,Solubility
0,ThreeDInfomax,Solubility AqSolDB,,9982.0,2.368154448407012,0.8241246938705444,0.9018948078155518,reg,Absorption,Solubility
0,ThreeDInfomax,Solubility AqSolDB,,9982.0,2.368154448407012,0.8244712352752686,0.9031162858009338,reg,Absorption,Solubility
0,ThreeDInfomax,Solubility AqSolDB,,9982.0,2.368154448407012,0.8240288496017456,0.9014378190040588,reg,Absorption,Solubility
0,ThreeDInfomax,Solubility AqSolDB,,9982.0,2.368154448407012,0.8213871717453003,0.9017096161842346,reg,Absorption,Solubility
0,ThreeDInfomax,Solubility AqSolDB,,9982.0,2.368154448407012,0.8251848220825195,0.9013493061065674,reg,Absorption,Solubility
0,ThreeDInfomax,Solubility AqSolDB,,9982.0,2.368154448407012,0.814628541469574,0.9010744094848632,reg,Absorption,Solubility
0,ThreeDInfomax,Solubility AqSolDB,,9982.0,2.368154448407012,0.8189632892608643,0.8993602991104126,reg,Absorption,Solubility
0,ThreeDInfomax,Solubility AqSolDB,,9982.0,2.368154448407012,0.8206086158752441,0.9015381336212158,reg,Absorption,Solubility
0,ThreeDInfomax,Solubility AqSolDB,,9982.0,2.368154448407012,0.8260602951049805,0.9037038683891296,reg,Absorption,Solubility
0,ThreeDInfomax,Solubility AqSolDB,,9982.0,2.368154448407012,0.8223259449005127,0.9020760655403136,reg,Absorption,Solubility
0,ThreeDInfomax,Solubility AqSolDB,,9982.0,2.368154448407012,0.8249043822288513,0.9035566449165344,reg,Absorption,Solubility
0,ThreeDInfomax,Solubility AqSolDB,,9982.0,2.368154448407012,0.8197734951972961,0.8988347053527832,reg,Absorption,Solubility
0,ThreeDInfomax,Solubility AqSolDB,,9982.0,2.368154448407012,0.8246595859527588,0.903770923614502,reg,Absorption,Solubility
0,ThreeDInfomax,Solubility AqSolDB,,9982.0,2.368154448407012,0.8216555714607239,0.9013914465904236,reg,Absorption,Solubility
0,MolR tag,Solubility AqSolDB,,9982.0,2.368154448407012,0.7835176587104797,0.8838269710540771,reg,Absorption,Solubility
0,MolR tag,Solubility AqSolDB,,9982.0,2.368154448407012,0.7803530693054199,0.8841772675514221,reg,Absorption,Solubility
0,MolR tag,Solubility AqSolDB,,9982.0,2.368154448407012,0.7799120545387268,0.8852962255477905,reg,Absorption,Solubility
0,MolR tag,Solubility AqSolDB,,9982.0,2.368154448407012,0.7940015196800232,0.8879498839378357,reg,Absorption,Solubility
0,MolR tag,Solubility AqSolDB,,9982.0,2.368154448407012,0.7807823419570923,0.8849766254425049,reg,Absorption,Solubility
0,MolR tag,Solubility AqSolDB,,9982.0,2.368154448407012,0.7914988398551941,0.889512300491333,reg,Absorption,Solubility
0,MolR tag,Solubility AqSolDB,,9982.0,2.368154448407012,0.7891987562179565,0.8872004151344299,reg,Absorption,Solubility
0,MolR tag,Solubility AqSolDB,,9982.0,2.368154448407012,0.7905591726303101,0.8886399865150452,reg,Absorption,Solubility
0,MolR tag,Solubility AqSolDB,,9982.0,2.368154448407012,0.7857233881950378,0.8851664662361145,reg,Absorption,Solubility
0,MolR tag,Solubility AqSolDB,,9982.0,2.368154448407012,0.7908418774604797,0.886078417301178,reg,Absorption,Solubility
0,MolR tag,Solubility AqSolDB,,9982.0,2.368154448407012,0.7787551879882812,0.8823132514953613,reg,Absorption,Solubility
0,MolR tag,Solubility AqSolDB,,9982.0,2.368154448407012,0.7871837615966797,0.8879788517951965,reg,Absorption,Solubility
0,MolR tag,Solubility AqSolDB,,9982.0,2.368154448407012,0.7752552032470703,0.8825278282165527,reg,Absorption,Solubility
0,MolR tag,Solubility AqSolDB,,9982.0,2.368154448407012,0.7853334546089172,0.8853391408920288,reg,Absorption,Solubility
0,MolR tag,Solubility AqSolDB,,9982.0,2.368154448407012,0.786018967628479,0.8884724378585815,reg,Absorption,Solubility
0,MolR tag,Solubility AqSolDB,,9982.0,2.368154448407012,0.7763067483901978,0.8826587200164795,reg,Absorption,Solubility
0,MolR tag,Solubility AqSolDB,,9982.0,2.368154448407012,0.7814944386482239,0.8860002160072327,reg,Absorption,Solubility
0,MolR tag,Solubility AqSolDB,,9982.0,2.368154448407012,0.7887355089187622,0.8862363696098328,reg,Absorption,Solubility
0,MolR tag,Solubility AqSolDB,,9982.0,2.368154448407012,0.7762486934661865,0.8811219930648804,reg,Absorption,Solubility
0,MolR tag,Solubility AqSolDB,,9982.0,2.368154448407012,0.7844359874725342,0.885223925113678,reg,Absorption,Solubility
0,GraphMVP,HydrationFreeEnergy FreeSolv,,642.0,3.847820117108812,0.7240773439407349,0.9235180020332336,reg,Absorption,FreeSolv
0,GraphMVP,HydrationFreeEnergy FreeSolv,,642.0,3.847820117108812,0.752935528755188,0.934380054473877,reg,Absorption,FreeSolv
0,GraphMVP,HydrationFreeEnergy FreeSolv,,642.0,3.847820117108812,0.717060923576355,0.9235586524009703,reg,Absorption,FreeSolv
0,GraphMVP,HydrationFreeEnergy FreeSolv,,642.0,3.847820117108812,0.6908890008926392,0.9186732172966005,reg,Absorption,FreeSolv
0,GraphMVP,HydrationFreeEnergy FreeSolv,,642.0,3.847820117108812,0.7239951491355896,0.9259891510009766,reg,Absorption,FreeSolv
0,GraphMVP,HydrationFreeEnergy FreeSolv,,642.0,3.847820117108812,0.7190003991127014,0.9306631684303284,reg,Absorption,FreeSolv
0,GraphMVP,HydrationFreeEnergy FreeSolv,,642.0,3.847820117108812,0.7065907716751099,0.9220436811447144,reg,Absorption,FreeSolv
0,GraphMVP,HydrationFreeEnergy FreeSolv,,642.0,3.847820117108812,0.7374607920646667,0.9250962138175964,reg,Absorption,FreeSolv
0,GraphMVP,HydrationFreeEnergy FreeSolv,,642.0,3.847820117108812,0.7079975605010986,0.920742928981781,reg,Absorption,FreeSolv
0,GraphMVP,HydrationFreeEnergy FreeSolv,,642.0,3.847820117108812,0.7160353660583496,0.9263567924499512,reg,Absorption,FreeSolv
0,GraphMVP,HydrationFreeEnergy FreeSolv,,642.0,3.847820117108812,0.7094122171401978,0.926397442817688,reg,Absorption,FreeSolv
0,GraphMVP,HydrationFreeEnergy FreeSolv,,642.0,3.847820117108812,0.7272169589996338,0.9238067865371704,reg,Absorption,FreeSolv
0,GraphMVP,HydrationFreeEnergy FreeSolv,,642.0,3.847820117108812,0.7209858894348145,0.9246180057525636,reg,Absorption,FreeSolv
0,GraphMVP,HydrationFreeEnergy FreeSolv,,642.0,3.847820117108812,0.706924319267273,0.9220404624938964,reg,Absorption,FreeSolv
0,GraphMVP,HydrationFreeEnergy FreeSolv,,642.0,3.847820117108812,0.6980938911437988,0.9199585318565368,reg,Absorption,FreeSolv
0,GraphMVP,HydrationFreeEnergy FreeSolv,,642.0,3.847820117108812,0.7212299108505249,0.9278565645217896,reg,Absorption,FreeSolv
0,GraphMVP,HydrationFreeEnergy FreeSolv,,642.0,3.847820117108812,0.7002658843994141,0.9152120351791382,reg,Absorption,FreeSolv
0,GraphMVP,HydrationFreeEnergy FreeSolv,,642.0,3.847820117108812,0.7200982570648193,0.926974356174469,reg,Absorption,FreeSolv
0,GraphMVP,HydrationFreeEnergy FreeSolv,,642.0,3.847820117108812,0.7163413763046265,0.9220878481864928,reg,Absorption,FreeSolv
0,GraphMVP,HydrationFreeEnergy FreeSolv,,642.0,3.847820117108812,0.6993603706359863,0.9169476628303528,reg,Absorption,FreeSolv
0,ChemBertMTR-77M,HydrationFreeEnergy FreeSolv,,642.0,3.847820117108812,0.7758023738861084,0.9301061034202576,reg,Absorption,FreeSolv
0,ChemBertMTR-77M,HydrationFreeEnergy FreeSolv,,642.0,3.847820117108812,0.8348000645637512,0.9502815008163452,reg,Absorption,FreeSolv
0,ChemBertMTR-77M,HydrationFreeEnergy FreeSolv,,642.0,3.847820117108812,0.8104943037033081,0.9406530857086182,reg,Absorption,FreeSolv
0,ChemBertMTR-77M,HydrationFreeEnergy FreeSolv,,642.0,3.847820117108812,0.8241530656814575,0.953922688961029,reg,Absorption,FreeSolv
0,ChemBertMTR-77M,HydrationFreeEnergy FreeSolv,,642.0,3.847820117108812,0.7755513787269592,0.940591275691986,reg,Absorption,FreeSolv
0,ChemBertMTR-77M,HydrationFreeEnergy FreeSolv,,642.0,3.847820117108812,0.8007816672325134,0.94330495595932,reg,Absorption,FreeSolv
0,ChemBertMTR-77M,HydrationFreeEnergy FreeSolv,,642.0,3.847820117108812,0.7919398546218872,0.9496070742607116,reg,Absorption,FreeSolv
0,ChemBertMTR-77M,HydrationFreeEnergy FreeSolv,,642.0,3.847820117108812,0.7951216697692871,0.9423467516899108,reg,Absorption,FreeSolv
0,ChemBertMTR-77M,HydrationFreeEnergy FreeSolv,,642.0,3.847820117108812,0.8078959584236145,0.9505632519721984,reg,Absorption,FreeSolv
0,ChemBertMTR-77M,HydrationFreeEnergy FreeSolv,,642.0,3.847820117108812,0.825853705406189,0.9519919753074646,reg,Absorption,FreeSolv
0,ChemBertMTR-77M,HydrationFreeEnergy FreeSolv,,642.0,3.847820117108812,0.8002437353134155,0.9484660029411316,reg,Absorption,FreeSolv
0,ChemBertMTR-77M,HydrationFreeEnergy FreeSolv,,642.0,3.847820117108812,0.8353045582771301,0.9521474838256836,reg,Absorption,FreeSolv
0,ChemBertMTR-77M,HydrationFreeEnergy FreeSolv,,642.0,3.847820117108812,0.8294464945793152,0.9542803764343262,reg,Absorption,FreeSolv
0,ChemBertMTR-77M,HydrationFreeEnergy FreeSolv,,642.0,3.847820117108812,0.8254008293151855,0.9520411491394044,reg,Absorption,FreeSolv
0,ChemBertMTR-77M,HydrationFreeEnergy FreeSolv,,642.0,3.847820117108812,0.8042265772819519,0.943399965763092,reg,Absorption,FreeSolv
0,ChemBertMTR-77M,HydrationFreeEnergy FreeSolv,,642.0,3.847820117108812,0.8310426473617554,0.952690064907074,reg,Absorption,FreeSolv
0,ChemBertMTR-77M,HydrationFreeEnergy FreeSolv,,642.0,3.847820117108812,0.7936772704124451,0.9450634717941284,reg,Absorption,FreeSolv
0,ChemBertMTR-77M,HydrationFreeEnergy FreeSolv,,642.0,3.847820117108812,0.8282121419906616,0.9513338208198548,reg,Absorption,FreeSolv
0,ChemBertMTR-77M,HydrationFreeEnergy FreeSolv,,642.0,3.847820117108812,0.7931903004646301,0.9415592551231384,reg,Absorption,FreeSolv
0,ChemBertMTR-77M,HydrationFreeEnergy FreeSolv,,642.0,3.847820117108812,0.8106963038444519,0.942904770374298,reg,Absorption,FreeSolv
0,ThreeDInfomax,HydrationFreeEnergy FreeSolv,,642.0,3.847820117108812,0.6817020773887634,0.90610933303833,reg,Absorption,FreeSolv
0,ThreeDInfomax,HydrationFreeEnergy FreeSolv,,642.0,3.847820117108812,0.6977148056030273,0.9142640233039856,reg,Absorption,FreeSolv
0,ThreeDInfomax,HydrationFreeEnergy FreeSolv,,642.0,3.847820117108812,0.7091103792190552,0.9130530953407288,reg,Absorption,FreeSolv
0,ThreeDInfomax,HydrationFreeEnergy FreeSolv,,642.0,3.847820117108812,0.7093130350112915,0.9042204022407532,reg,Absorption,FreeSolv
0,ThreeDInfomax,HydrationFreeEnergy FreeSolv,,642.0,3.847820117108812,0.7024530172348022,0.912415087223053,reg,Absorption,FreeSolv
0,ThreeDInfomax,HydrationFreeEnergy FreeSolv,,642.0,3.847820117108812,0.7072877883911133,0.9134408831596376,reg,Absorption,FreeSolv
0,ThreeDInfomax,HydrationFreeEnergy FreeSolv,,642.0,3.847820117108812,0.7341876029968262,0.9269040822982788,reg,Absorption,FreeSolv
0,ThreeDInfomax,HydrationFreeEnergy FreeSolv,,642.0,3.847820117108812,0.7157979011535645,0.924019694328308,reg,Absorption,FreeSolv
0,ThreeDInfomax,HydrationFreeEnergy FreeSolv,,642.0,3.847820117108812,0.7110774517059326,0.9143245816230774,reg,Absorption,FreeSolv
0,ThreeDInfomax,HydrationFreeEnergy FreeSolv,,642.0,3.847820117108812,0.7189878225326538,0.918932855129242,reg,Absorption,FreeSolv
0,ThreeDInfomax,HydrationFreeEnergy FreeSolv,,642.0,3.847820117108812,0.7074414491653442,0.91019207239151,reg,Absorption,FreeSolv
0,ThreeDInfomax,HydrationFreeEnergy FreeSolv,,642.0,3.847820117108812,0.7188749313354492,0.9260441064834596,reg,Absorption,FreeSolv
0,ThreeDInfomax,HydrationFreeEnergy FreeSolv,,642.0,3.847820117108812,0.7126720547676086,0.921536147594452,reg,Absorption,FreeSolv
0,ThreeDInfomax,HydrationFreeEnergy FreeSolv,,642.0,3.847820117108812,0.7121212482452393,0.9175340533256532,reg,Absorption,FreeSolv
0,ThreeDInfomax,HydrationFreeEnergy FreeSolv,,642.0,3.847820117108812,0.712151050567627,0.9136027097702026,reg,Absorption,FreeSolv
0,ThreeDInfomax,HydrationFreeEnergy FreeSolv,,642.0,3.847820117108812,0.6941808462142944,0.9055646061897278,reg,Absorption,FreeSolv
0,ThreeDInfomax,HydrationFreeEnergy FreeSolv,,642.0,3.847820117108812,0.712446928024292,0.909227728843689,reg,Absorption,FreeSolv
0,ThreeDInfomax,HydrationFreeEnergy FreeSolv,,642.0,3.847820117108812,0.7107395529747009,0.9164870381355286,reg,Absorption,FreeSolv
0,ThreeDInfomax,HydrationFreeEnergy FreeSolv,,642.0,3.847820117108812,0.7090458273887634,0.9052122235298156,reg,Absorption,FreeSolv
0,ThreeDInfomax,HydrationFreeEnergy FreeSolv,,642.0,3.847820117108812,0.6945385932922363,0.911780595779419,reg,Absorption,FreeSolv
0,MolR tag,HydrationFreeEnergy FreeSolv,,642.0,3.847820117108812,0.6730328798294067,0.8796197175979614,reg,Absorption,FreeSolv
0,MolR tag,HydrationFreeEnergy FreeSolv,,642.0,3.847820117108812,0.6783123016357422,0.892119288444519,reg,Absorption,FreeSolv
0,MolR tag,HydrationFreeEnergy FreeSolv,,642.0,3.847820117108812,0.6796658039093018,0.8918567299842834,reg,Absorption,FreeSolv
0,MolR tag,HydrationFreeEnergy FreeSolv,,642.0,3.847820117108812,0.6775989532470703,0.8728358149528503,reg,Absorption,FreeSolv
0,MolR tag,HydrationFreeEnergy FreeSolv,,642.0,3.847820117108812,0.6666478514671326,0.8637297749519348,reg,Absorption,FreeSolv
0,MolR tag,HydrationFreeEnergy FreeSolv,,642.0,3.847820117108812,0.6736527681350708,0.8753613233566284,reg,Absorption,FreeSolv
0,MolR tag,HydrationFreeEnergy FreeSolv,,642.0,3.847820117108812,0.6609445810317993,0.8740711212158203,reg,Absorption,FreeSolv
0,MolR tag,HydrationFreeEnergy FreeSolv,,642.0,3.847820117108812,0.6821112036705017,0.8774129152297974,reg,Absorption,FreeSolv
0,MolR tag,HydrationFreeEnergy FreeSolv,,642.0,3.847820117108812,0.6764113903045654,0.8836146593093872,reg,Absorption,FreeSolv
0,MolR tag,HydrationFreeEnergy FreeSolv,,642.0,3.847820117108812,0.6762117147445679,0.886920690536499,reg,Absorption,FreeSolv
0,MolR tag,HydrationFreeEnergy FreeSolv,,642.0,3.847820117108812,0.6841623783111572,0.891415536403656,reg,Absorption,FreeSolv
0,MolR tag,HydrationFreeEnergy FreeSolv,,642.0,3.847820117108812,0.6400341987609863,0.8723323941230774,reg,Absorption,FreeSolv
0,MolR tag,HydrationFreeEnergy FreeSolv,,642.0,3.847820117108812,0.6172080039978027,0.8646467328071594,reg,Absorption,FreeSolv
0,MolR tag,HydrationFreeEnergy FreeSolv,,642.0,3.847820117108812,0.6803171038627625,0.889370322227478,reg,Absorption,FreeSolv
0,MolR tag,HydrationFreeEnergy FreeSolv,,642.0,3.847820117108812,0.6694480180740356,0.8866835832595825,reg,Absorption,FreeSolv
0,MolR tag,HydrationFreeEnergy FreeSolv,,642.0,3.847820117108812,0.6708207130432129,0.8728028535842896,reg,Absorption,FreeSolv
0,MolR tag,HydrationFreeEnergy FreeSolv,,642.0,3.847820117108812,0.6610244512557983,0.881514310836792,reg,Absorption,FreeSolv
0,MolR tag,HydrationFreeEnergy FreeSolv,,642.0,3.847820117108812,0.6523948907852173,0.8878507018089294,reg,Absorption,FreeSolv
0,MolR tag,HydrationFreeEnergy FreeSolv,,642.0,3.847820117108812,0.6422671675682068,0.8699676394462585,reg,Absorption,FreeSolv
0,MolR tag,HydrationFreeEnergy FreeSolv,,642.0,3.847820117108812,0.6751686334609985,0.8974331021308899,reg,Absorption,FreeSolv
0,GraphMVP,PPBR AZ,,1614.0,16.738219911447835,0.2000337243080139,0.5242052674293518,reg,Distribution,PPBR
0,GraphMVP,PPBR AZ,,1614.0,16.738219911447835,0.1994202136993408,0.5384114384651184,reg,Distribution,PPBR
0,GraphMVP,PPBR AZ,,1614.0,16.738219911447835,0.1864169239997863,0.5302661657333374,reg,Distribution,PPBR
0,GraphMVP,PPBR AZ,,1614.0,16.738219911447835,0.1895254254341125,0.533304750919342,reg,Distribution,PPBR
0,GraphMVP,PPBR AZ,,1614.0,16.738219911447835,0.1968773603439331,0.5324931740760803,reg,Distribution,PPBR
0,GraphMVP,PPBR AZ,,1614.0,16.738219911447835,0.2182396054267883,0.5431040525436401,reg,Distribution,PPBR
0,GraphMVP,PPBR AZ,,1614.0,16.738219911447835,0.2207328677177429,0.5468258857727051,reg,Distribution,PPBR
0,GraphMVP,PPBR AZ,,1614.0,16.738219911447835,0.2016960382461547,0.5361958146095276,reg,Distribution,PPBR
0,GraphMVP,PPBR AZ,,1614.0,16.738219911447835,0.2252601981163025,0.5349082350730896,reg,Distribution,PPBR
0,GraphMVP,PPBR AZ,,1614.0,16.738219911447835,0.1875618696212768,0.5183506011962891,reg,Distribution,PPBR
0,GraphMVP,PPBR AZ,,1614.0,16.738219911447835,0.1937349438667297,0.532553493976593,reg,Distribution,PPBR
0,GraphMVP,PPBR AZ,,1614.0,16.738219911447835,0.2147361040115356,0.5428021550178528,reg,Distribution,PPBR
0,GraphMVP,PPBR AZ,,1614.0,16.738219911447835,0.2077586650848388,0.5274998545646667,reg,Distribution,PPBR
0,GraphMVP,PPBR AZ,,1614.0,16.738219911447835,0.1760411858558654,0.5059729814529419,reg,Distribution,PPBR
0,GraphMVP,PPBR AZ,,1614.0,16.738219911447835,0.1948240399360656,0.5282455086708069,reg,Distribution,PPBR
0,GraphMVP,PPBR AZ,,1614.0,16.738219911447835,0.2368693351745605,0.5527262687683105,reg,Distribution,PPBR
0,GraphMVP,PPBR AZ,,1614.0,16.738219911447835,0.1828637719154358,0.5260269641876221,reg,Distribution,PPBR
0,GraphMVP,PPBR AZ,,1614.0,16.738219911447835,0.1751319169998169,0.5328144431114197,reg,Distribution,PPBR
0,GraphMVP,PPBR AZ,,1614.0,16.738219911447835,0.2025019526481628,0.5211213827133179,reg,Distribution,PPBR
0,GraphMVP,PPBR AZ,,1614.0,16.738219911447835,0.2100109457969665,0.5379390120506287,reg,Distribution,PPBR
0,ChemBertMTR-77M,PPBR AZ,,1614.0,16.738219911447835,0.2395820617675781,0.5942022800445557,reg,Distribution,PPBR
0,ChemBertMTR-77M,PPBR AZ,,1614.0,16.738219911447835,0.3035404086112976,0.6315613985061646,reg,Distribution,PPBR
0,ChemBertMTR-77M,PPBR AZ,,1614.0,16.738219911447835,0.3034376502037048,0.6097531914710999,reg,Distribution,PPBR
0,ChemBertMTR-77M,PPBR AZ,,1614.0,16.738219911447835,0.2750077247619629,0.6238721013069153,reg,Distribution,PPBR
0,ChemBertMTR-77M,PPBR AZ,,1614.0,16.738219911447835,0.2695780396461487,0.6281201243400574,reg,Distribution,PPBR
0,ChemBertMTR-77M,PPBR AZ,,1614.0,16.738219911447835,0.3070173859596252,0.6221303343772888,reg,Distribution,PPBR
0,ChemBertMTR-77M,PPBR AZ,,1614.0,16.738219911447835,0.2729414701461792,0.6008874177932739,reg,Distribution,PPBR
0,ChemBertMTR-77M,PPBR AZ,,1614.0,16.738219911447835,0.3090246915817261,0.6383558511734009,reg,Distribution,PPBR
0,ChemBertMTR-77M,PPBR AZ,,1614.0,16.738219911447835,0.2776291966438293,0.629490852355957,reg,Distribution,PPBR
0,ChemBertMTR-77M,PPBR AZ,,1614.0,16.738219911447835,0.3027348518371582,0.6202989816665649,reg,Distribution,PPBR
0,ChemBertMTR-77M,PPBR AZ,,1614.0,16.738219911447835,0.2719560265541076,0.6191846132278442,reg,Distribution,PPBR
0,ChemBertMTR-77M,PPBR AZ,,1614.0,16.738219911447835,0.312381386756897,0.6292442083358765,reg,Distribution,PPBR
0,ChemBertMTR-77M,PPBR AZ,,1614.0,16.738219911447835,0.2934665083885193,0.632508397102356,reg,Distribution,PPBR
0,ChemBertMTR-77M,PPBR AZ,,1614.0,16.738219911447835,0.2600717544555664,0.6195021867752075,reg,Distribution,PPBR
0,ChemBertMTR-77M,PPBR AZ,,1614.0,16.738219911447835,0.2848088145256042,0.6263747215270996,reg,Distribution,PPBR
0,ChemBertMTR-77M,PPBR AZ,,1614.0,16.738219911447835,0.284253180027008,0.6209264397621155,reg,Distribution,PPBR
0,ChemBertMTR-77M,PPBR AZ,,1614.0,16.738219911447835,0.2586406469345093,0.6199509501457214,reg,Distribution,PPBR
0,ChemBertMTR-77M,PPBR AZ,,1614.0,16.738219911447835,0.2720816731452942,0.6073209047317505,reg,Distribution,PPBR
0,ChemBertMTR-77M,PPBR AZ,,1614.0,16.738219911447835,0.2943394184112549,0.6250746846199036,reg,Distribution,PPBR
0,ChemBertMTR-77M,PPBR AZ,,1614.0,16.738219911447835,0.2654929161071777,0.6281512975692749,reg,Distribution,PPBR
0,ThreeDInfomax,PPBR AZ,,1614.0,16.738219911447835,0.1953152418136596,0.5334077477455139,reg,Distribution,PPBR
0,ThreeDInfomax,PPBR AZ,,1614.0,16.738219911447835,0.1652930974960327,0.5100695490837097,reg,Distribution,PPBR
0,ThreeDInfomax,PPBR AZ,,1614.0,16.738219911447835,0.1603755950927734,0.5167108774185181,reg,Distribution,PPBR
0,ThreeDInfomax,PPBR AZ,,1614.0,16.738219911447835,0.1438062787055969,0.5048651695251465,reg,Distribution,PPBR
0,ThreeDInfomax,PPBR AZ,,1614.0,16.738219911447835,0.1405501961708068,0.5298886299133301,reg,Distribution,PPBR
0,ThreeDInfomax,PPBR AZ,,1614.0,16.738219911447835,0.1724996566772461,0.5423984527587891,reg,Distribution,PPBR
0,ThreeDInfomax,PPBR AZ,,1614.0,16.738219911447835,0.1594677567481994,0.5107129216194153,reg,Distribution,PPBR
0,ThreeDInfomax,PPBR AZ,,1614.0,16.738219911447835,0.1627864241600036,0.5280563831329346,reg,Distribution,PPBR
0,ThreeDInfomax,PPBR AZ,,1614.0,16.738219911447835,0.1476621031761169,0.5119426250457764,reg,Distribution,PPBR
0,ThreeDInfomax,PPBR AZ,,1614.0,16.738219911447835,0.1709493398666381,0.5210155248641968,reg,Distribution,PPBR
0,ThreeDInfomax,PPBR AZ,,1614.0,16.738219911447835,0.1335914731025695,0.5112136602401733,reg,Distribution,PPBR
0,ThreeDInfomax,PPBR AZ,,1614.0,16.738219911447835,0.1480332612991333,0.4996614456176758,reg,Distribution,PPBR
0,ThreeDInfomax,PPBR AZ,,1614.0,16.738219911447835,0.1429100632667541,0.5077621936798096,reg,Distribution,PPBR
0,ThreeDInfomax,PPBR AZ,,1614.0,16.738219911447835,0.1952120661735534,0.5242582559585571,reg,Distribution,PPBR
0,ThreeDInfomax,PPBR AZ,,1614.0,16.738219911447835,0.1562280654907226,0.518075704574585,reg,Distribution,PPBR
0,ThreeDInfomax,PPBR AZ,,1614.0,16.738219911447835,0.1606608629226684,0.5211104154586792,reg,Distribution,PPBR
0,ThreeDInfomax,PPBR AZ,,1614.0,16.738219911447835,0.1695037484169006,0.5193812251091003,reg,Distribution,PPBR
0,ThreeDInfomax,PPBR AZ,,1614.0,16.738219911447835,0.166046917438507,0.533440351486206,reg,Distribution,PPBR
0,ThreeDInfomax,PPBR AZ,,1614.0,16.738219911447835,0.148381233215332,0.5090380311012268,reg,Distribution,PPBR
0,ThreeDInfomax,PPBR AZ,,1614.0,16.738219911447835,0.1595709323883056,0.5159134864807129,reg,Distribution,PPBR
0,MolR tag,PPBR AZ,,1614.0,16.738219911447835,0.2748191952705383,0.6083025932312012,reg,Distribution,PPBR
0,MolR tag,PPBR AZ,,1614.0,16.738219911447835,0.2445434331893921,0.5977171063423157,reg,Distribution,PPBR
0,MolR tag,PPBR AZ,,1614.0,16.738219911447835,0.2463379502296447,0.5870141983032227,reg,Distribution,PPBR
0,MolR tag,PPBR AZ,,1614.0,16.738219911447835,0.2538227438926697,0.6072443127632141,reg,Distribution,PPBR
0,MolR tag,PPBR AZ,,1614.0,16.738219911447835,0.2647965550422668,0.6080601215362549,reg,Distribution,PPBR
0,MolR tag,PPBR AZ,,1614.0,16.738219911447835,0.2699929475784302,0.6142221093177795,reg,Distribution,PPBR
0,MolR tag,PPBR AZ,,1614.0,16.738219911447835,0.3044637441635132,0.6177513003349304,reg,Distribution,PPBR
0,MolR tag,PPBR AZ,,1614.0,16.738219911447835,0.2946226596832275,0.613753080368042,reg,Distribution,PPBR
0,MolR tag,PPBR AZ,,1614.0,16.738219911447835,0.2706075310707092,0.6089086532592773,reg,Distribution,PPBR
0,MolR tag,PPBR AZ,,1614.0,16.738219911447835,0.319240927696228,0.6174411773681641,reg,Distribution,PPBR
0,MolR tag,PPBR AZ,,1614.0,16.738219911447835,0.2484995722770691,0.6114746332168579,reg,Distribution,PPBR
0,MolR tag,PPBR AZ,,1614.0,16.738219911447835,0.2308311462402343,0.5865006446838379,reg,Distribution,PPBR
0,MolR tag,PPBR AZ,,1614.0,16.738219911447835,0.2619324326515198,0.5990660190582275,reg,Distribution,PPBR
0,MolR tag,PPBR AZ,,1614.0,16.738219911447835,0.265812873840332,0.6052409410476685,reg,Distribution,PPBR
0,MolR tag,PPBR AZ,,1614.0,16.738219911447835,0.3102723360061645,0.6256776452064514,reg,Distribution,PPBR
0,MolR tag,PPBR AZ,,1614.0,16.738219911447835,0.281183123588562,0.623415470123291,reg,Distribution,PPBR
0,MolR tag,PPBR AZ,,1614.0,16.738219911447835,0.2820158004760742,0.6122968792915344,reg,Distribution,PPBR
0,MolR tag,PPBR AZ,,1614.0,16.738219911447835,0.2622716426849365,0.615370512008667,reg,Distribution,PPBR
0,MolR tag,PPBR AZ,,1614.0,16.738219911447835,0.2632120251655578,0.6001424789428711,reg,Distribution,PPBR
0,MolR tag,PPBR AZ,,1614.0,16.738219911447835,0.2678825855255127,0.5934792757034302,reg,Distribution,PPBR
0,GraphMVP,VDss Lombardo,,1130.0,22.35257743108947,0.0797447562217712,0.5798296928405762,reg,Distribution,VDss
0,GraphMVP,VDss Lombardo,,1130.0,22.35257743108947,0.131376564502716,0.5566800236701965,reg,Distribution,VDss
0,GraphMVP,VDss Lombardo,,1130.0,22.35257743108947,0.1522483229637146,0.5910804271697998,reg,Distribution,VDss
0,GraphMVP,VDss Lombardo,,1130.0,22.35257743108947,0.1168334484100341,0.6126863360404968,reg,Distribution,VDss
0,GraphMVP,VDss Lombardo,,1130.0,22.35257743108947,0.1397702097892761,0.572918176651001,reg,Distribution,VDss
0,GraphMVP,VDss Lombardo,,1130.0,22.35257743108947,0.1452586054801941,0.5682483911514282,reg,Distribution,VDss
0,GraphMVP,VDss Lombardo,,1130.0,22.35257743108947,0.139933168888092,0.57712322473526,reg,Distribution,VDss
0,GraphMVP,VDss Lombardo,,1130.0,22.35257743108947,0.1380013823509216,0.5791465640068054,reg,Distribution,VDss
0,GraphMVP,VDss Lombardo,,1130.0,22.35257743108947,0.1470222473144531,0.5610139966011047,reg,Distribution,VDss
0,GraphMVP,VDss Lombardo,,1130.0,22.35257743108947,0.1569128632545471,0.5554308295249939,reg,Distribution,VDss
0,GraphMVP,VDss Lombardo,,1130.0,22.35257743108947,0.122152030467987,0.6005015969276428,reg,Distribution,VDss
0,GraphMVP,VDss Lombardo,,1130.0,22.35257743108947,0.1396656632423401,0.5659853219985962,reg,Distribution,VDss
0,GraphMVP,VDss Lombardo,,1130.0,22.35257743108947,0.1217508912086486,0.6075067520141602,reg,Distribution,VDss
0,GraphMVP,VDss Lombardo,,1130.0,22.35257743108947,0.1590235233306884,0.567156970500946,reg,Distribution,VDss
0,GraphMVP,VDss Lombardo,,1130.0,22.35257743108947,0.1340265870094299,0.5578544735908508,reg,Distribution,VDss
0,GraphMVP,VDss Lombardo,,1130.0,22.35257743108947,0.1440726518630981,0.5838334560394287,reg,Distribution,VDss
0,GraphMVP,VDss Lombardo,,1130.0,22.35257743108947,0.120270550251007,0.6056346893310547,reg,Distribution,VDss
0,GraphMVP,VDss Lombardo,,1130.0,22.35257743108947,0.1505391597747802,0.5770350098609924,reg,Distribution,VDss
0,GraphMVP,VDss Lombardo,,1130.0,22.35257743108947,0.1419839262962341,0.5750333070755005,reg,Distribution,VDss
0,GraphMVP,VDss Lombardo,,1130.0,22.35257743108947,0.1459052562713623,0.5752092599868774,reg,Distribution,VDss
0,ChemBertMTR-77M,VDss Lombardo,,1130.0,22.35257743108947,0.1959856748580932,0.5935006737709045,reg,Distribution,VDss
0,ChemBertMTR-77M,VDss Lombardo,,1130.0,22.35257743108947,0.181425392627716,0.6194700598716736,reg,Distribution,VDss
0,ChemBertMTR-77M,VDss Lombardo,,1130.0,22.35257743108947,0.3606938123703003,0.5966616272926331,reg,Distribution,VDss
0,ChemBertMTR-77M,VDss Lombardo,,1130.0,22.35257743108947,0.3431160449981689,0.5773444771766663,reg,Distribution,VDss
0,ChemBertMTR-77M,VDss Lombardo,,1130.0,22.35257743108947,0.1762577891349792,0.5564641952514648,reg,Distribution,VDss
0,ChemBertMTR-77M,VDss Lombardo,,1130.0,22.35257743108947,0.3409981727600097,0.6213582754135132,reg,Distribution,VDss
0,ChemBertMTR-77M,VDss Lombardo,,1130.0,22.35257743108947,0.3327212333679199,0.6050503253936768,reg,Distribution,VDss
0,ChemBertMTR-77M,VDss Lombardo,,1130.0,22.35257743108947,0.3557687997817993,0.6054985523223877,reg,Distribution,VDss
0,ChemBertMTR-77M,VDss Lombardo,,1130.0,22.35257743108947,0.3388813138008117,0.6180159449577332,reg,Distribution,VDss
0,ChemBertMTR-77M,VDss Lombardo,,1130.0,22.35257743108947,0.3763417601585388,0.5884883999824524,reg,Distribution,VDss
0,ChemBertMTR-77M,VDss Lombardo,,1130.0,22.35257743108947,0.3540281057357788,0.6141348481178284,reg,Distribution,VDss
0,ChemBertMTR-77M,VDss Lombardo,,1130.0,22.35257743108947,0.1797756552696228,0.6118176579475403,reg,Distribution,VDss
0,ChemBertMTR-77M,VDss Lombardo,,1130.0,22.35257743108947,0.3328106999397278,0.6021409034729004,reg,Distribution,VDss
0,ChemBertMTR-77M,VDss Lombardo,,1130.0,22.35257743108947,0.3425003290176391,0.591910719871521,reg,Distribution,VDss
0,ChemBertMTR-77M,VDss Lombardo,,1130.0,22.35257743108947,0.3462303280830383,0.621920645236969,reg,Distribution,VDss
0,ChemBertMTR-77M,VDss Lombardo,,1130.0,22.35257743108947,0.348031997680664,0.6157516241073608,reg,Distribution,VDss
0,ChemBertMTR-77M,VDss Lombardo,,1130.0,22.35257743108947,0.3196136951446533,0.5989465117454529,reg,Distribution,VDss
0,ChemBertMTR-77M,VDss Lombardo,,1130.0,22.35257743108947,0.1785315871238708,0.5815626978874207,reg,Distribution,VDss
0,ChemBertMTR-77M,VDss Lombardo,,1130.0,22.35257743108947,0.1909107565879821,0.588424563407898,reg,Distribution,VDss
0,ChemBertMTR-77M,VDss Lombardo,,1130.0,22.35257743108947,0.3446124792098999,0.5911232829093933,reg,Distribution,VDss
0,ThreeDInfomax,VDss Lombardo,,1130.0,22.35257743108947,0.1589497327804565,0.583404004573822,reg,Distribution,VDss
0,ThreeDInfomax,VDss Lombardo,,1130.0,22.35257743108947,0.296758770942688,0.5916582942008972,reg,Distribution,VDss
0,ThreeDInfomax,VDss Lombardo,,1130.0,22.35257743108947,0.2993618845939636,0.5745788812637329,reg,Distribution,VDss
0,ThreeDInfomax,VDss Lombardo,,1130.0,22.35257743108947,0.1588137745857238,0.5767040252685547,reg,Distribution,VDss
0,ThreeDInfomax,VDss Lombardo,,1130.0,22.35257743108947,0.2774327993392944,0.5520059466362,reg,Distribution,VDss
0,ThreeDInfomax,VDss Lombardo,,1130.0,22.35257743108947,0.3166325688362121,0.5623788833618164,reg,Distribution,VDss
0,ThreeDInfomax,VDss Lombardo,,1130.0,22.35257743108947,0.3148576021194458,0.5649622678756714,reg,Distribution,VDss
0,ThreeDInfomax,VDss Lombardo,,1130.0,22.35257743108947,0.3005713224411011,0.5585029125213623,reg,Distribution,VDss
0,ThreeDInfomax,VDss Lombardo,,1130.0,22.35257743108947,0.2995359301567077,0.58356773853302,reg,Distribution,VDss
0,ThreeDInfomax,VDss Lombardo,,1130.0,22.35257743108947,0.3096432685852051,0.5704410076141357,reg,Distribution,VDss
0,ThreeDInfomax,VDss Lombardo,,1130.0,22.35257743108947,0.1662672758102417,0.5877392888069153,reg,Distribution,VDss
0,ThreeDInfomax,VDss Lombardo,,1130.0,22.35257743108947,0.3002381324768066,0.574711799621582,reg,Distribution,VDss
0,ThreeDInfomax,VDss Lombardo,,1130.0,22.35257743108947,0.2810414433479309,0.5951725244522095,reg,Distribution,VDss
0,ThreeDInfomax,VDss Lombardo,,1130.0,22.35257743108947,0.2829789519309997,0.59075528383255,reg,Distribution,VDss
0,ThreeDInfomax,VDss Lombardo,,1130.0,22.35257743108947,0.319232165813446,0.5564666986465454,reg,Distribution,VDss
0,ThreeDInfomax,VDss Lombardo,,1130.0,22.35257743108947,0.3017641901969909,0.569158673286438,reg,Distribution,VDss
0,ThreeDInfomax,VDss Lombardo,,1130.0,22.35257743108947,0.1691316962242126,0.5917839407920837,reg,Distribution,VDss
0,ThreeDInfomax,VDss Lombardo,,1130.0,22.35257743108947,0.3172770738601684,0.562615156173706,reg,Distribution,VDss
0,ThreeDInfomax,VDss Lombardo,,1130.0,22.35257743108947,0.3116389513015747,0.5588148832321167,reg,Distribution,VDss
0,ThreeDInfomax,VDss Lombardo,,1130.0,22.35257743108947,0.2913041710853576,0.5503519773483276,reg,Distribution,VDss
0,MolR tag,VDss Lombardo,,1130.0,22.35257743108947,0.2910472154617309,0.5585458874702454,reg,Distribution,VDss
0,MolR tag,VDss Lombardo,,1130.0,22.35257743108947,0.3200253844261169,0.5605183839797974,reg,Distribution,VDss
0,MolR tag,VDss Lombardo,,1130.0,22.35257743108947,0.2975813746452331,0.5537294745445251,reg,Distribution,VDss
0,MolR tag,VDss Lombardo,,1130.0,22.35257743108947,0.297371506690979,0.5538002252578735,reg,Distribution,VDss
0,MolR tag,VDss Lombardo,,1130.0,22.35257743108947,0.3305051326751709,0.5566012263298035,reg,Distribution,VDss
0,MolR tag,VDss Lombardo,,1130.0,22.35257743108947,0.2785361409187317,0.5520839691162109,reg,Distribution,VDss
0,MolR tag,VDss Lombardo,,1130.0,22.35257743108947,0.2710492014884949,0.5417361259460449,reg,Distribution,VDss
0,MolR tag,VDss Lombardo,,1130.0,22.35257743108947,0.293336808681488,0.5602022409439087,reg,Distribution,VDss
0,MolR tag,VDss Lombardo,,1130.0,22.35257743108947,0.3138703107833862,0.5406603217124939,reg,Distribution,VDss
0,MolR tag,VDss Lombardo,,1130.0,22.35257743108947,0.3087202906608581,0.5633347630500793,reg,Distribution,VDss
0,MolR tag,VDss Lombardo,,1130.0,22.35257743108947,0.2986721396446228,0.5538680553436279,reg,Distribution,VDss
0,MolR tag,VDss Lombardo,,1130.0,22.35257743108947,0.1202200055122375,0.5520890355110168,reg,Distribution,VDss
0,MolR tag,VDss Lombardo,,1130.0,22.35257743108947,0.2794933915138244,0.5636776685714722,reg,Distribution,VDss
0,MolR tag,VDss Lombardo,,1130.0,22.35257743108947,0.3036519885063171,0.547339916229248,reg,Distribution,VDss
0,MolR tag,VDss Lombardo,,1130.0,22.35257743108947,0.2961649298667907,0.562290370464325,reg,Distribution,VDss
0,MolR tag,VDss Lombardo,,1130.0,22.35257743108947,0.2935417294502258,0.5465394258499146,reg,Distribution,VDss
0,MolR tag,VDss Lombardo,,1130.0,22.35257743108947,0.2801669836044311,0.5482515692710876,reg,Distribution,VDss
0,MolR tag,VDss Lombardo,,1130.0,22.35257743108947,0.2850927710533142,0.5336748361587524,reg,Distribution,VDss
0,MolR tag,VDss Lombardo,,1130.0,22.35257743108947,0.2680448889732361,0.5486475229263306,reg,Distribution,VDss
0,MolR tag,VDss Lombardo,,1130.0,22.35257743108947,0.2777422070503235,0.5426777601242065,reg,Distribution,VDss
0,GraphMVP,LD50 Zhu,,7385.0,0.9586673133506076,0.4859008193016052,0.679213285446167,reg,Tox,LD50
0,GraphMVP,LD50 Zhu,,7385.0,0.9586673133506076,0.4910745620727539,0.6852439045906067,reg,Tox,LD50
0,GraphMVP,LD50 Zhu,,7385.0,0.9586673133506076,0.4902933835983276,0.6849285364151001,reg,Tox,LD50
0,GraphMVP,LD50 Zhu,,7385.0,0.9586673133506076,0.486133337020874,0.6801636815071106,reg,Tox,LD50
0,GraphMVP,LD50 Zhu,,7385.0,0.9586673133506076,0.4906967878341675,0.6847240924835205,reg,Tox,LD50
0,GraphMVP,LD50 Zhu,,7385.0,0.9586673133506076,0.4888327121734619,0.6820006370544434,reg,Tox,LD50
0,GraphMVP,LD50 Zhu,,7385.0,0.9586673133506076,0.4792990684509277,0.6749932169914246,reg,Tox,LD50
0,GraphMVP,LD50 Zhu,,7385.0,0.9586673133506076,0.4860123991966247,0.6754997372627258,reg,Tox,LD50
0,GraphMVP,LD50 Zhu,,7385.0,0.9586673133506076,0.4940466284751892,0.6837384104728699,reg,Tox,LD50
0,GraphMVP,LD50 Zhu,,7385.0,0.9586673133506076,0.4827518463134765,0.6752098202705383,reg,Tox,LD50
0,GraphMVP,LD50 Zhu,,7385.0,0.9586673133506076,0.4897530674934387,0.6829975843429565,reg,Tox,LD50
0,GraphMVP,LD50 Zhu,,7385.0,0.9586673133506076,0.5081607699394226,0.6960655450820923,reg,Tox,LD50
0,GraphMVP,LD50 Zhu,,7385.0,0.9586673133506076,0.4843500256538391,0.6789534091949463,reg,Tox,LD50
0,GraphMVP,LD50 Zhu,,7385.0,0.9586673133506076,0.4825954437255859,0.6760374307632446,reg,Tox,LD50
0,GraphMVP,LD50 Zhu,,7385.0,0.9586673133506076,0.4826922416687011,0.6759875416755676,reg,Tox,LD50
0,GraphMVP,LD50 Zhu,,7385.0,0.9586673133506076,0.4879143238067627,0.6766269207000732,reg,Tox,LD50
0,GraphMVP,LD50 Zhu,,7385.0,0.9586673133506076,0.478300392627716,0.674403190612793,reg,Tox,LD50
0,GraphMVP,LD50 Zhu,,7385.0,0.9586673133506076,0.4893184304237366,0.6866049766540527,reg,Tox,LD50
0,GraphMVP,LD50 Zhu,,7385.0,0.9586673133506076,0.4887264370918274,0.6835572123527527,reg,Tox,LD50
0,GraphMVP,LD50 Zhu,,7385.0,0.9586673133506076,0.4959540367126465,0.6868112087249756,reg,Tox,LD50
0,ChemBertMTR-77M,LD50 Zhu,,7385.0,0.9586673133506076,0.4989996552467346,0.688406229019165,reg,Tox,LD50
0,ChemBertMTR-77M,LD50 Zhu,,7385.0,0.9586673133506076,0.5223091840744019,0.6858043670654297,reg,Tox,LD50
0,ChemBertMTR-77M,LD50 Zhu,,7385.0,0.9586673133506076,0.5080606341362,0.6797544360160828,reg,Tox,LD50
0,ChemBertMTR-77M,LD50 Zhu,,7385.0,0.9586673133506076,0.5133193731307983,0.6891534924507141,reg,Tox,LD50
0,ChemBertMTR-77M,LD50 Zhu,,7385.0,0.9586673133506076,0.4968441128730774,0.6858665943145752,reg,Tox,LD50
0,ChemBertMTR-77M,LD50 Zhu,,7385.0,0.9586673133506076,0.5098388195037842,0.6878851056098938,reg,Tox,LD50
0,ChemBertMTR-77M,LD50 Zhu,,7385.0,0.9586673133506076,0.5258556604385376,0.6979551315307617,reg,Tox,LD50
0,ChemBertMTR-77M,LD50 Zhu,,7385.0,0.9586673133506076,0.5327959060668945,0.6939060091972351,reg,Tox,LD50
0,ChemBertMTR-77M,LD50 Zhu,,7385.0,0.9586673133506076,0.5217904448509216,0.69315105676651,reg,Tox,LD50
0,ChemBertMTR-77M,LD50 Zhu,,7385.0,0.9586673133506076,0.529050350189209,0.6928130388259888,reg,Tox,LD50
0,ChemBertMTR-77M,LD50 Zhu,,7385.0,0.9586673133506076,0.5157102346420288,0.6852067112922668,reg,Tox,LD50
0,ChemBertMTR-77M,LD50 Zhu,,7385.0,0.9586673133506076,0.5167051553726196,0.6869823932647705,reg,Tox,LD50
0,ChemBertMTR-77M,LD50 Zhu,,7385.0,0.9586673133506076,0.5085564851760864,0.6853788495063782,reg,Tox,LD50
0,ChemBertMTR-77M,LD50 Zhu,,7385.0,0.9586673133506076,0.5232729911804199,0.6881787776947021,reg,Tox,LD50
0,ChemBertMTR-77M,LD50 Zhu,,7385.0,0.9586673133506076,0.5137782692909241,0.6901019811630249,reg,Tox,LD50
0,ChemBertMTR-77M,LD50 Zhu,,7385.0,0.9586673133506076,0.5221339464187622,0.6852698922157288,reg,Tox,LD50
0,ChemBertMTR-77M,LD50 Zhu,,7385.0,0.9586673133506076,0.5107685923576355,0.6827457547187805,reg,Tox,LD50
0,ChemBertMTR-77M,LD50 Zhu,,7385.0,0.9586673133506076,0.5068204998970032,0.6870737075805664,reg,Tox,LD50
0,ChemBertMTR-77M,LD50 Zhu,,7385.0,0.9586673133506076,0.5249704122543335,0.6890339851379395,reg,Tox,LD50
0,ChemBertMTR-77M,LD50 Zhu,,7385.0,0.9586673133506076,0.5149245858192444,0.6849413514137268,reg,Tox,LD50
0,ThreeDInfomax,LD50 Zhu,,7385.0,0.9586673133506076,0.5012059211730957,0.6779991388320923,reg,Tox,LD50
0,ThreeDInfomax,LD50 Zhu,,7385.0,0.9586673133506076,0.4736199378967285,0.6643784046173096,reg,Tox,LD50
0,ThreeDInfomax,LD50 Zhu,,7385.0,0.9586673133506076,0.4891395568847656,0.675087034702301,reg,Tox,LD50
0,ThreeDInfomax,LD50 Zhu,,7385.0,0.9586673133506076,0.4913932681083679,0.6757421493530273,reg,Tox,LD50
0,ThreeDInfomax,LD50 Zhu,,7385.0,0.9586673133506076,0.4951444864273071,0.6765633821487427,reg,Tox,LD50
0,ThreeDInfomax,LD50 Zhu,,7385.0,0.9586673133506076,0.4894903302192688,0.6745372414588928,reg,Tox,LD50
0,ThreeDInfomax,LD50 Zhu,,7385.0,0.9586673133506076,0.5009622573852539,0.6760299205780029,reg,Tox,LD50
0,ThreeDInfomax,LD50 Zhu,,7385.0,0.9586673133506076,0.4920448064804077,0.6662001609802246,reg,Tox,LD50
0,ThreeDInfomax,LD50 Zhu,,7385.0,0.9586673133506076,0.4987154006958008,0.6751828789710999,reg,Tox,LD50
0,ThreeDInfomax,LD50 Zhu,,7385.0,0.9586673133506076,0.4843137264251709,0.6667054295539856,reg,Tox,LD50
0,ThreeDInfomax,LD50 Zhu,,7385.0,0.9586673133506076,0.5124654173851013,0.691601037979126,reg,Tox,LD50
0,ThreeDInfomax,LD50 Zhu,,7385.0,0.9586673133506076,0.4955664277076721,0.6776173710823059,reg,Tox,LD50
0,ThreeDInfomax,LD50 Zhu,,7385.0,0.9586673133506076,0.4888334274291992,0.6674153804779053,reg,Tox,LD50
0,ThreeDInfomax,LD50 Zhu,,7385.0,0.9586673133506076,0.4910197257995605,0.6703534126281738,reg,Tox,LD50
0,ThreeDInfomax,LD50 Zhu,,7385.0,0.9586673133506076,0.4988148212432861,0.6720086336135864,reg,Tox,LD50
0,ThreeDInfomax,LD50 Zhu,,7385.0,0.9586673133506076,0.5020118951797485,0.680852472782135,reg,Tox,LD50
0,ThreeDInfomax,LD50 Zhu,,7385.0,0.9586673133506076,0.4976798892021179,0.6716101169586182,reg,Tox,LD50
0,ThreeDInfomax,LD50 Zhu,,7385.0,0.9586673133506076,0.491379976272583,0.67361980676651,reg,Tox,LD50
0,ThreeDInfomax,LD50 Zhu,,7385.0,0.9586673133506076,0.4896789193153381,0.6696613430976868,reg,Tox,LD50
0,ThreeDInfomax,LD50 Zhu,,7385.0,0.9586673133506076,0.4966989159584045,0.6740097999572754,reg,Tox,LD50
0,MolR tag,LD50 Zhu,,7385.0,0.9586673133506076,0.5335284471511841,0.7038528919219971,reg,Tox,LD50
0,MolR tag,LD50 Zhu,,7385.0,0.9586673133506076,0.5324851870536804,0.7025290727615356,reg,Tox,LD50
0,MolR tag,LD50 Zhu,,7385.0,0.9586673133506076,0.5080236792564392,0.6968718767166138,reg,Tox,LD50
0,MolR tag,LD50 Zhu,,7385.0,0.9586673133506076,0.5202405452728271,0.6951834559440613,reg,Tox,LD50
0,MolR tag,LD50 Zhu,,7385.0,0.9586673133506076,0.5208278298377991,0.6976866126060486,reg,Tox,LD50
0,MolR tag,LD50 Zhu,,7385.0,0.9586673133506076,0.5277666449546814,0.6964699625968933,reg,Tox,LD50
0,MolR tag,LD50 Zhu,,7385.0,0.9586673133506076,0.5201724767684937,0.6882196068763733,reg,Tox,LD50
0,MolR tag,LD50 Zhu,,7385.0,0.9586673133506076,0.5277750492095947,0.7037762403488159,reg,Tox,LD50
0,MolR tag,LD50 Zhu,,7385.0,0.9586673133506076,0.5286084413528442,0.6996012330055237,reg,Tox,LD50
0,MolR tag,LD50 Zhu,,7385.0,0.9586673133506076,0.5288629531860352,0.7077307105064392,reg,Tox,LD50
0,MolR tag,LD50 Zhu,,7385.0,0.9586673133506076,0.5223053693771362,0.6957209706306458,reg,Tox,LD50
0,MolR tag,LD50 Zhu,,7385.0,0.9586673133506076,0.5152482986450195,0.6917874813079834,reg,Tox,LD50
0,MolR tag,LD50 Zhu,,7385.0,0.9586673133506076,0.5241931080818176,0.7008184790611267,reg,Tox,LD50
0,MolR tag,LD50 Zhu,,7385.0,0.9586673133506076,0.5185302495956421,0.6948865056037903,reg,Tox,LD50
0,MolR tag,LD50 Zhu,,7385.0,0.9586673133506076,0.521573543548584,0.6906744837760925,reg,Tox,LD50
0,MolR tag,LD50 Zhu,,7385.0,0.9586673133506076,0.5192620754241943,0.6989906430244446,reg,Tox,LD50
0,MolR tag,LD50 Zhu,,7385.0,0.9586673133506076,0.5163569450378418,0.6967166662216187,reg,Tox,LD50
0,MolR tag,LD50 Zhu,,7385.0,0.9586673133506076,0.5165143013000488,0.6907137036323547,reg,Tox,LD50
0,MolR tag,LD50 Zhu,,7385.0,0.9586673133506076,0.5136837959289551,0.6935237646102905,reg,Tox,LD50
0,MolR tag,LD50 Zhu,,7385.0,0.9586673133506076,0.5319445133209229,0.700791597366333,reg,Tox,LD50
